CREATE DATABASE  IF NOT EXISTS `university_register` /*!40100 DEFAULT CHARACTER SET utf8mb4 COLLATE utf8mb4_0900_ai_ci */ /*!80016 DEFAULT ENCRYPTION='N' */;
USE `university_register`;
-- MySQL dump 10.13  Distrib 8.0.17, for Win64 (x86_64)
--
-- Host: localhost    Database: university_registration
-- ------------------------------------------------------
-- Server version	8.0.17

/*!40101 SET @OLD_CHARACTER_SET_CLIENT=@@CHARACTER_SET_CLIENT */;
/*!40101 SET @OLD_CHARACTER_SET_RESULTS=@@CHARACTER_SET_RESULTS */;
/*!40101 SET @OLD_COLLATION_CONNECTION=@@COLLATION_CONNECTION */;
/*!50503 SET NAMES utf8 */;
/*!40103 SET @OLD_TIME_ZONE=@@TIME_ZONE */;
/*!40103 SET TIME_ZONE='+00:00' */;
/*!40014 SET @OLD_UNIQUE_CHECKS=@@UNIQUE_CHECKS, UNIQUE_CHECKS=0 */;
/*!40014 SET @OLD_FOREIGN_KEY_CHECKS=@@FOREIGN_KEY_CHECKS, FOREIGN_KEY_CHECKS=0 */;
/*!40101 SET @OLD_SQL_MODE=@@SQL_MODE, SQL_MODE='NO_AUTO_VALUE_ON_ZERO' */;
/*!40111 SET @OLD_SQL_NOTES=@@SQL_NOTES, SQL_NOTES=0 */;

--
-- Table structure for table `countries`
--

DROP TABLE IF EXISTS `countries`;
/*!40101 SET @saved_cs_client     = @@character_set_client */;
/*!50503 SET character_set_client = utf8mb4 */;
CREATE TABLE `countries` (
  `CID` int(11) DEFAULT NULL,
  `CountryName` text
) ENGINE=InnoDB DEFAULT CHARSET=utf8mb4 COLLATE=utf8mb4_0900_ai_ci;
/*!40101 SET character_set_client = @saved_cs_client */;

--
-- Dumping data for table `countries`
--

LOCK TABLES `countries` WRITE;
/*!40000 ALTER TABLE `countries` DISABLE KEYS */;
INSERT INTO `countries` VALUES (1,'Afghanistan'),(2,'Algeria'),(3,'Angola'),(4,'Argentina'),(5,'Australia'),(6,'Austria'),(7,'Azerbaijan'),(8,'Bangladesh'),(9,'Belarus'),(10,'Belgium'),(11,'Benin'),(12,'Bolivia'),(13,'Brazil'),(14,'Bulgaria'),(15,'Burkina Faso'),(16,'Burundi'),(17,'Cambodia'),(18,'Cameroon'),(19,'Canada'),(20,'Chad'),(21,'Chile'),(22,'China'),(23,'Colombia'),(24,'Congo'),(25,'Cuba'),(26,'Czech Republic'),(27,'Denmark'),(28,'Dominican Republic'),(29,'Ecuador'),(30,'Egypt'),(31,'El Salvador'),(32,'Ethiopia'),(33,'Finland'),(34,'France'),(35,'Germany'),(36,'Ghana'),(37,'Greece'),(38,'Guatemala'),(39,'Guinea'),(40,'Haiti'),(41,'Honduras'),(42,'Hong Kong'),(43,'Hungary'),(44,'India'),(45,'Indonesia'),(46,'Iran'),(47,'Iraq'),(48,'Israel'),(49,'Italy'),(50,'Japan'),(51,'Jordan'),(52,'Kazakstan'),(53,'Kenya'),(54,'Laos'),(55,'Madagascar'),(56,'Malawi'),(57,'Malaysia'),(58,'Mali'),(59,'Mexico'),(60,'Morocco'),(61,'Mozambique'),(62,'Myanmar'),(63,'Nepal'),(64,'Netherlands'),(65,'Nicaragua'),(66,'Niger'),(67,'Nigeria'),(68,'Pakistan'),(69,'Paraguay'),(70,'Peru'),(71,'Philippines'),(72,'Poland'),(73,'Portugal'),(74,'Romania'),(75,'Russian Federation'),(76,'Saudi Arabia'),(77,'Senegal'),(78,'Slovakia'),(79,'Somalia'),(80,'South Africa'),(81,'South Korea'),(82,'Spain'),(83,'Sri Lanka'),(84,'Sweden'),(85,'Switzerland'),(86,'Syria'),(87,'Taiwan'),(88,'Tajikistan'),(89,'Tanzania'),(90,'Thailand'),(91,'Tunisia'),(92,'Turkey'),(93,'Uganda'),(94,'Ukraine'),(95,'United Kingdom'),(96,'United States'),(97,'Uzbekistan'),(98,'Venezuela'),(99,'Vietnam'),(100,'Yemen');
/*!40000 ALTER TABLE `countries` ENABLE KEYS */;
UNLOCK TABLES;

--
-- Table structure for table `course`
--

DROP TABLE IF EXISTS `course`;
/*!40101 SET @saved_cs_client     = @@character_set_client */;
/*!50503 SET character_set_client = utf8mb4 */;
CREATE TABLE `course` (
  `CID` int(11) NOT NULL,
  `CourseName` text,
  `DeptID` int(11) DEFAULT NULL,
  `ActiveSemester` text,
  PRIMARY KEY (`CID`)
) ENGINE=InnoDB DEFAULT CHARSET=utf8mb4 COLLATE=utf8mb4_0900_ai_ci;
/*!40101 SET character_set_client = @saved_cs_client */;

--
-- Dumping data for table `course`
--

LOCK TABLES `course` WRITE;
/*!40000 ALTER TABLE `course` DISABLE KEYS */;
INSERT INTO `course` VALUES (1,'Introduction to Sociology',18,'Fall'),(2,'Type Theory',27,'Spring'),(3,'Applied Arts',22,'Spring'),(4,'Naval Architecture',9,'Spring'),(5,'Database',24,'Fall'),(6,'Educational Psychology',19,'Spring'),(7,'Renewable Energy',28,'Spring'),(8,'Television',30,'Spring'),(9,'Graph Theory',27,'Spring'),(10,'Hepatology',8,'Spring'),(11,'Mass Transfer',6,'Fall'),(12,'Zoology',17,'Fall'),(13,'Animal Communication',17,'Fall'),(14,'Astrochemistry',20,'Fall'),(15,'Mineralogy',21,'Fall'),(16,'Medical Anthropology',14,'Spring'),(17,'Numerical Simulations In Hydrodynamics',6,'Fall'),(18,'Admiralty Law',15,'Spring'),(19,'Finance',13,'Spring'),(20,'Fuzzy Logic',7,'Spring'),(21,'Molecular Genetics',26,'Spring'),(22,'Morphology',22,'Spring'),(23,'Parallel Computing',7,'Spring'),(24,'Sports Medicine',14,'Spring'),(25,'Woodwinds Brass And Percussion',31,'Fall'),(26,'Social Constructionism',18,'Fall'),(27,'Recording',31,'Spring'),(28,'Distributed Algorithms',7,'Fall'),(29,'Inventory Theory',11,'Spring'),(30,'Economic Geography',13,'Spring'),(31,'Economic Investment',12,'Spring'),(32,'Chemical Biology',4,'Fall'),(33,'Analytical Chemistry',1,'Fall'),(34,'Structure Analysis',6,'Fall'),(35,'Environmental Economics',12,'Fall'),(36,'International Trade',13,'Fall'),(37,'Abrahamic Religions',23,'Fall'),(38,'Agricultural Economics',13,'Spring'),(39,'Behavioral Neuroscience',19,'Fall'),(40,'User Experience Evaluation',22,'Spring'),(41,'Jazz Studies',31,'Fall'),(42,'Scientific Computing',27,'Fall'),(43,'Pharmacology',14,'Fall'),(44,'Econometrics',12,'Fall'),(45,'Weapons Systems',16,'Spring'),(46,'Natural Product Chemistry',1,'Fall'),(47,'Philosophy Of Action',23,'Spring'),(48,'Historic Eras',23,'Spring'),(49,'Instrumentation Engineering',5,'Fall'),(50,'User Interface Design',24,'Spring');
/*!40000 ALTER TABLE `course` ENABLE KEYS */;
UNLOCK TABLES;

--
-- Table structure for table `department`
--

DROP TABLE IF EXISTS `department`;
/*!40101 SET @saved_cs_client     = @@character_set_client */;
/*!50503 SET character_set_client = utf8mb4 */;
CREATE TABLE `department` (
  `DeptID` int(11) NOT NULL,
  `DepartmentName` text,
  PRIMARY KEY (`DeptID`)
) ENGINE=InnoDB DEFAULT CHARSET=utf8mb4 COLLATE=utf8mb4_0900_ai_ci;
/*!40101 SET character_set_client = @saved_cs_client */;

--
-- Dumping data for table `department`
--

LOCK TABLES `department` WRITE;
/*!40000 ALTER TABLE `department` DISABLE KEYS */;
INSERT INTO `department` VALUES (1,'Chemistry'),(2,'Physics'),(3,'Mathematics'),(4,'Biology'),(5,'Mechanic Engineering'),(6,'Civil Engineering'),(7,'Computer Engineering'),(8,'Medicine'),(9,'Architecture'),(10,'Electrical and Electronics Engineering'),(11,'Materials Engineering'),(12,'Management and Finance'),(13,'Bussiness Administration'),(14,'Pharmacy'),(15,'Law'),(16,'International Politics'),(17,'Marine Biology'),(18,'Psychology'),(19,'Behavioral Sciences'),(20,'Astronomy'),(21,'Bioinformatics'),(22,'Design and Fine Arts'),(23,'Literature'),(24,'Software Engineering'),(25,'Biochemistry'),(26,'Biotechnology'),(27,'Applied Physics'),(28,'Urban Engineering'),(29,'Information Physics'),(30,'System Innovation'),(31,'Music and Art'),(32,'Aeronautics and Astronautics'),(33,'Interrior Architecture');
/*!40000 ALTER TABLE `department` ENABLE KEYS */;
UNLOCK TABLES;

--
-- Table structure for table `registration`
--

DROP TABLE IF EXISTS `registration`;
/*!40101 SET @saved_cs_client     = @@character_set_client */;
/*!50503 SET character_set_client = utf8mb4 */;
CREATE TABLE `registration` (
  `RegistrationID` int(11) DEFAULT NULL,
  `StudentID` int(11) DEFAULT NULL,
  `CourseID` int(11) DEFAULT NULL,
  `RegistrationDate` text,
  `RegistrationTime` text
) ENGINE=InnoDB DEFAULT CHARSET=utf8mb4 COLLATE=utf8mb4_0900_ai_ci;
/*!40101 SET character_set_client = @saved_cs_client */;

--
-- Dumping data for table `registration`
--

LOCK TABLES `registration` WRITE;
/*!40000 ALTER TABLE `registration` DISABLE KEYS */;
INSERT INTO `registration` VALUES (1,18,49,'2015-01-31','09:03:49'),(2,379,33,'2017-09-18','12:01:50'),(3,380,48,'2017-06-27','06:12:06'),(4,234,26,'2016-05-23','05:38:43'),(5,199,40,'2017-04-16','02:47:07'),(6,776,49,'2018-08-30','16:36:28'),(7,658,9,'2017-02-21','21:03:16'),(8,272,25,'2019-05-13','19:25:25'),(9,607,21,'2015-05-21','15:27:08'),(10,495,2,'2015-09-03','09:14:25'),(11,673,1,'2015-02-06','21:03:46'),(12,318,49,'2019-05-19','00:07:13'),(13,790,21,'2018-04-11','21:47:47'),(14,35,13,'2018-09-01','23:09:55'),(15,198,32,'2019-05-20','04:36:20'),(16,406,22,'2017-01-24','00:00:45'),(17,720,5,'2016-01-18','08:03:05'),(18,97,49,'2016-06-17','05:08:03'),(19,852,32,'2018-12-15','23:55:14'),(20,741,49,'2017-07-21','03:08:51'),(21,79,26,'2019-09-23','17:54:36'),(22,454,2,'2015-07-17','15:36:35'),(23,533,12,'2019-10-19','13:37:54'),(24,262,17,'2017-06-07','02:37:27'),(25,685,50,'2015-11-28','17:00:50'),(26,867,41,'2016-03-27','02:34:37'),(27,158,3,'2018-03-07','08:06:02'),(28,578,34,'2016-09-02','20:54:38'),(29,144,16,'2016-03-16','06:37:58'),(30,750,14,'2016-07-01','12:35:04'),(31,637,34,'2018-06-22','02:53:47'),(32,342,16,'2016-05-24','16:12:51'),(33,284,36,'2019-03-31','10:57:02'),(34,683,27,'2019-02-10','23:56:58'),(35,595,33,'2019-06-19','18:37:11'),(36,303,29,'2015-01-14','06:05:27'),(37,186,2,'2016-07-21','01:41:12'),(38,672,28,'2019-08-06','21:20:51'),(39,679,41,'2017-06-17','14:10:14'),(40,614,7,'2018-04-13','08:45:40'),(41,536,32,'2015-04-07','01:26:17'),(42,539,26,'2015-02-20','22:02:21'),(43,396,45,'2016-06-24','18:36:09'),(44,866,34,'2017-02-02','01:02:44'),(45,511,7,'2018-03-01','04:14:30'),(46,132,41,'2018-06-23','10:15:30'),(47,387,12,'2016-04-26','15:09:09'),(48,197,8,'2018-11-14','05:52:42'),(49,705,32,'2018-02-12','20:47:55'),(50,342,10,'2015-06-29','06:36:13'),(51,740,47,'2015-11-16','07:44:40'),(52,505,24,'2016-08-15','19:28:30'),(53,599,16,'2016-07-17','06:22:00'),(54,656,2,'2018-07-27','11:11:44'),(55,343,39,'2017-05-07','01:30:57'),(56,716,30,'2017-07-10','07:17:16'),(57,516,43,'2017-01-12','19:04:37'),(58,597,28,'2016-08-11','17:09:05'),(59,103,49,'2015-01-19','03:19:58'),(60,596,19,'2017-11-18','14:25:26'),(61,682,34,'2018-04-22','02:11:53'),(62,675,16,'2019-09-23','08:29:19'),(63,564,34,'2017-01-21','03:36:36'),(64,517,35,'2019-09-02','20:06:06'),(65,245,42,'2015-01-14','11:01:57'),(66,217,16,'2015-10-29','08:30:47'),(67,591,29,'2019-04-22','01:05:19'),(68,294,5,'2019-06-18','22:05:02'),(69,331,7,'2016-03-25','01:22:07'),(70,418,36,'2017-09-14','07:22:32'),(71,381,22,'2015-10-02','14:14:32'),(72,322,26,'2018-05-10','13:02:52'),(73,856,21,'2015-06-22','03:03:06'),(74,812,36,'2016-02-03','15:03:25'),(75,461,35,'2016-05-08','19:33:35'),(76,136,10,'2017-10-13','06:22:53'),(77,8,50,'2018-02-20','02:23:35'),(78,356,46,'2018-12-13','08:13:34'),(79,609,10,'2018-05-26','16:40:12'),(80,200,30,'2019-06-05','19:33:07'),(81,296,19,'2016-12-14','09:03:33'),(82,412,12,'2015-10-14','20:22:15'),(83,727,40,'2016-07-09','03:53:44'),(84,666,50,'2018-11-24','09:01:17'),(85,885,19,'2016-01-12','16:00:46'),(86,706,50,'2018-12-17','05:15:55'),(87,607,50,'2018-08-23','20:07:01'),(88,335,11,'2015-08-02','09:34:53'),(89,856,44,'2017-10-19','08:18:38'),(90,482,47,'2018-04-16','21:06:22'),(91,735,27,'2016-11-04','13:01:09'),(92,675,45,'2019-01-18','11:54:53'),(93,764,34,'2015-07-17','05:21:22'),(94,33,36,'2018-10-27','01:59:26'),(95,212,49,'2015-10-25','09:28:48'),(96,157,47,'2015-02-13','02:28:43'),(97,594,34,'2019-05-07','15:08:48'),(98,452,50,'2019-05-21','05:09:33'),(99,523,4,'2017-03-06','02:38:50'),(100,761,5,'2017-03-07','00:06:19'),(101,218,17,'2019-04-26','16:56:40'),(102,84,13,'2016-01-28','02:12:50'),(103,655,43,'2018-05-25','04:11:00'),(104,171,29,'2018-01-29','12:28:34'),(105,614,6,'2017-10-16','05:06:56'),(106,56,18,'2018-09-24','07:14:25'),(107,815,17,'2018-07-25','17:12:40'),(108,888,45,'2018-11-04','23:35:35'),(109,244,36,'2018-03-21','17:20:11'),(110,827,30,'2015-04-03','04:05:18'),(111,601,15,'2015-04-06','14:39:13'),(112,95,13,'2017-08-28','16:14:03'),(113,40,9,'2017-06-18','19:40:05'),(114,860,48,'2019-08-18','20:50:14'),(115,219,11,'2018-02-06','06:56:07'),(116,244,25,'2019-04-28','00:53:25'),(117,620,31,'2019-10-21','05:47:36'),(118,869,40,'2018-02-03','01:28:13'),(119,534,8,'2018-08-07','03:54:10'),(120,310,37,'2015-08-24','02:40:23'),(121,16,22,'2016-10-07','13:38:00'),(122,718,7,'2019-01-17','03:05:01'),(123,533,37,'2016-11-30','12:17:42'),(124,844,12,'2015-08-20','16:42:17'),(125,282,50,'2017-02-25','19:21:29'),(126,89,27,'2017-03-29','14:00:48'),(127,268,6,'2015-04-03','00:40:56'),(128,105,42,'2018-02-18','00:39:52'),(129,644,25,'2016-01-01','22:50:09'),(130,18,43,'2017-11-06','10:14:04'),(131,600,48,'2018-01-29','21:15:28'),(132,321,38,'2018-03-07','13:09:30'),(133,114,21,'2015-04-28','10:59:22'),(134,134,21,'2016-03-29','02:40:41'),(135,145,48,'2019-11-03','21:44:58'),(136,248,46,'2016-06-03','04:07:04'),(137,174,36,'2019-02-12','08:36:20'),(138,451,9,'2017-05-07','09:39:44'),(139,535,22,'2018-04-26','14:28:20'),(140,600,35,'2015-10-23','05:17:55'),(141,635,20,'2015-06-17','09:28:59'),(142,280,50,'2017-02-24','14:56:03'),(143,554,47,'2017-07-06','17:39:23'),(144,238,36,'2018-07-30','06:49:40'),(145,263,43,'2019-01-14','09:02:47'),(146,503,25,'2018-08-08','00:02:06'),(147,834,31,'2016-03-28','14:44:58'),(148,400,3,'2019-09-14','02:35:56'),(149,661,11,'2016-07-01','22:49:29'),(150,266,32,'2017-12-03','02:45:23'),(151,157,24,'2018-04-05','23:29:02'),(152,303,20,'2017-02-21','00:38:26'),(153,139,21,'2017-02-03','15:42:36'),(154,704,12,'2016-10-20','23:38:40'),(155,42,12,'2018-08-08','09:42:08'),(156,80,13,'2016-09-12','11:14:55'),(157,731,3,'2017-12-21','03:01:40'),(158,701,42,'2019-07-28','00:08:54'),(159,589,1,'2015-04-16','01:58:23'),(160,674,38,'2016-10-07','16:40:22'),(161,708,1,'2018-12-29','16:19:34'),(162,113,25,'2018-06-18','00:47:46'),(163,385,43,'2015-01-28','03:51:01'),(164,270,33,'2015-08-17','12:10:15'),(165,699,40,'2015-11-29','07:46:32'),(166,527,32,'2015-02-12','16:09:10'),(167,602,26,'2019-08-03','08:30:19'),(168,268,2,'2015-07-08','07:12:29'),(169,773,10,'2017-09-28','04:42:11'),(170,138,31,'2018-08-23','07:28:38'),(171,425,36,'2018-04-08','04:41:18'),(172,261,2,'2015-04-18','20:54:57'),(173,716,4,'2017-08-15','01:31:42'),(174,115,39,'2015-08-20','08:20:21'),(175,556,12,'2015-07-15','00:59:26'),(176,541,12,'2015-12-09','13:29:49'),(177,1,25,'2015-05-20','11:42:32'),(178,866,16,'2018-12-05','03:02:24'),(179,168,23,'2019-10-23','08:04:58'),(180,890,8,'2016-02-12','06:01:13'),(181,452,11,'2019-06-13','22:59:59'),(182,764,40,'2018-07-08','02:01:12'),(183,864,17,'2019-01-11','08:25:31'),(184,370,6,'2017-10-24','06:02:24'),(185,264,37,'2015-12-04','07:35:10'),(186,389,38,'2018-09-24','01:41:58'),(187,365,29,'2017-04-12','16:32:31'),(188,77,36,'2015-02-04','22:11:22'),(189,865,1,'2016-02-28','17:48:34'),(190,404,7,'2016-01-11','23:32:11'),(191,693,25,'2017-05-15','13:50:17'),(192,406,37,'2016-01-06','12:23:38'),(193,292,1,'2017-05-25','07:04:56'),(194,576,24,'2018-12-24','00:33:00'),(195,3,33,'2015-05-01','08:06:23'),(196,79,14,'2016-05-01','19:14:27'),(197,807,12,'2018-10-23','22:15:40'),(198,84,14,'2017-05-04','22:20:43'),(199,697,33,'2017-05-05','13:15:18'),(200,510,41,'2015-06-02','23:05:21'),(201,314,4,'2018-11-28','05:46:55'),(202,264,25,'2016-01-22','15:41:54'),(203,638,45,'2016-04-04','05:17:12'),(204,529,20,'2018-06-28','08:14:56'),(205,19,49,'2016-11-07','21:54:34'),(206,855,47,'2017-06-06','01:54:06'),(207,144,11,'2018-01-28','01:47:44'),(208,403,39,'2018-03-30','04:31:03'),(209,242,9,'2018-10-15','07:18:58'),(210,311,10,'2018-09-01','05:13:47'),(211,549,26,'2016-10-15','17:45:26'),(212,311,8,'2019-07-07','04:20:48'),(213,335,11,'2017-06-19','20:06:41'),(214,580,26,'2017-10-24','09:29:13'),(215,581,34,'2015-01-29','06:16:50'),(216,703,28,'2019-02-12','00:35:58'),(217,879,32,'2015-07-23','19:12:22'),(218,483,46,'2015-06-24','08:51:18'),(219,438,14,'2018-07-16','17:11:59'),(220,143,7,'2016-04-12','22:05:15'),(221,406,19,'2016-07-20','16:11:35'),(222,15,48,'2019-09-22','19:35:20'),(223,775,29,'2015-01-14','01:07:50'),(224,513,33,'2017-10-06','06:42:44'),(225,860,1,'2017-09-25','15:16:54'),(226,735,28,'2019-02-09','04:07:18'),(227,39,9,'2015-11-13','12:11:13'),(228,78,20,'2018-12-10','06:26:49'),(229,636,22,'2017-05-26','19:34:21'),(230,53,33,'2017-05-29','09:26:03'),(231,272,11,'2016-03-15','03:45:40'),(232,831,28,'2018-04-25','05:22:41'),(233,472,37,'2019-09-01','15:52:06'),(234,381,36,'2015-04-02','22:29:27'),(235,347,6,'2015-06-26','09:41:16'),(236,287,20,'2018-12-24','08:35:27'),(237,213,17,'2016-11-24','21:16:18'),(238,655,12,'2018-02-25','20:09:13'),(239,779,24,'2017-08-08','10:47:08'),(240,813,24,'2018-02-11','21:33:55'),(241,895,41,'2016-01-31','21:39:22'),(242,10,24,'2016-11-28','15:25:10'),(243,133,38,'2018-09-12','23:42:59'),(244,58,39,'2017-05-03','21:29:04'),(245,573,33,'2016-10-12','12:24:42'),(246,34,38,'2017-09-16','03:54:22'),(247,214,46,'2015-03-02','14:15:12'),(248,430,6,'2016-08-17','03:58:43'),(249,662,4,'2016-06-12','07:08:06'),(250,362,34,'2016-07-21','20:09:17'),(251,267,14,'2015-12-14','19:13:28'),(252,353,37,'2018-02-08','22:11:12'),(253,251,25,'2017-10-04','06:18:16'),(254,173,50,'2015-11-29','10:01:24'),(255,450,15,'2018-03-31','06:46:31'),(256,240,38,'2018-09-05','15:09:59'),(257,858,17,'2018-03-05','08:37:44'),(258,96,15,'2017-05-01','12:50:07'),(259,660,14,'2016-05-17','08:45:20'),(260,75,47,'2018-12-07','22:07:49'),(261,422,47,'2017-12-13','07:01:34'),(262,805,3,'2017-09-04','23:21:07'),(263,121,30,'2017-07-26','19:29:22'),(264,34,44,'2016-07-26','17:01:28'),(265,498,21,'2017-02-27','16:50:26'),(266,493,16,'2015-11-23','03:27:49'),(267,749,30,'2018-05-01','15:10:58'),(268,319,4,'2015-04-27','19:46:58'),(269,465,27,'2015-11-03','12:05:58'),(270,167,42,'2017-07-14','13:05:36'),(271,479,5,'2016-05-03','15:26:26'),(272,535,33,'2017-12-24','21:54:54'),(273,410,16,'2015-03-28','16:02:54'),(274,70,42,'2015-07-28','14:36:33'),(275,85,46,'2018-08-30','16:59:45'),(276,449,4,'2017-01-08','18:07:05'),(277,440,37,'2018-10-25','16:49:51'),(278,476,37,'2018-01-16','07:40:10'),(279,365,31,'2016-07-23','11:30:58'),(280,564,38,'2015-10-15','18:21:07'),(281,492,10,'2018-12-21','06:24:48'),(282,348,30,'2018-05-12','16:24:05'),(283,859,30,'2019-07-07','01:46:10'),(284,309,47,'2016-10-10','05:59:52'),(285,842,1,'2018-07-21','04:45:23'),(286,728,9,'2017-12-22','04:41:17'),(287,50,7,'2018-04-26','16:23:13'),(288,20,42,'2019-03-13','21:02:29'),(289,397,47,'2018-08-22','02:38:33'),(290,206,39,'2017-04-15','08:21:22'),(291,446,18,'2016-01-13','21:36:56'),(292,61,6,'2016-04-10','09:15:36'),(293,668,3,'2018-01-25','23:40:52'),(294,799,11,'2016-02-27','22:33:39'),(295,119,3,'2016-01-30','14:40:25'),(296,72,33,'2016-07-16','02:33:55'),(297,270,39,'2018-09-30','06:57:15'),(298,570,17,'2016-01-09','22:36:02'),(299,700,22,'2015-03-07','18:31:07'),(300,328,29,'2016-05-13','16:43:30'),(301,673,9,'2019-10-20','10:55:35'),(302,463,8,'2016-04-17','02:48:55'),(303,474,32,'2017-11-09','18:00:20'),(304,243,33,'2019-04-07','02:43:51'),(305,126,28,'2018-01-26','23:56:26'),(306,525,21,'2018-07-22','19:42:37'),(307,24,41,'2016-01-09','04:05:25'),(308,365,30,'2017-09-19','04:28:49'),(309,360,7,'2015-03-23','10:56:58'),(310,480,1,'2019-10-18','01:09:47'),(311,737,7,'2015-07-13','04:24:52'),(312,260,7,'2017-12-25','09:02:37'),(313,890,8,'2018-07-03','02:02:28'),(314,177,40,'2015-05-22','09:09:06'),(315,181,46,'2017-05-02','09:28:47'),(316,736,35,'2015-08-15','08:24:48'),(317,310,10,'2015-10-15','20:23:37'),(318,393,6,'2016-10-25','21:21:51'),(319,807,34,'2016-11-26','11:44:46'),(320,896,31,'2017-04-05','15:59:28'),(321,304,1,'2017-02-05','05:25:36'),(322,32,31,'2017-01-13','09:18:32'),(323,656,39,'2017-08-16','12:28:45'),(324,520,23,'2018-12-09','22:47:13'),(325,70,21,'2016-01-06','05:58:09'),(326,401,40,'2015-12-20','10:41:58'),(327,407,27,'2015-08-30','13:47:02'),(328,409,21,'2017-11-02','05:06:10'),(329,158,20,'2016-09-15','06:58:53'),(330,137,47,'2015-11-17','05:44:22'),(331,722,41,'2016-05-16','14:56:08'),(332,200,24,'2018-12-06','14:10:42'),(333,397,33,'2017-10-24','22:09:33'),(334,68,42,'2015-04-25','13:40:07'),(335,879,7,'2017-11-05','14:37:19'),(336,778,34,'2017-05-20','15:58:02'),(337,428,38,'2019-08-28','12:38:46'),(338,898,8,'2019-05-16','11:48:08'),(339,266,32,'2019-05-17','13:03:53'),(340,641,15,'2019-04-07','08:29:51'),(341,422,45,'2017-10-05','05:17:57'),(342,487,43,'2017-09-07','11:43:26'),(343,874,33,'2015-11-12','01:42:25'),(344,875,18,'2015-12-25','06:09:01'),(345,150,6,'2015-04-24','07:20:35'),(346,496,15,'2015-05-24','15:21:25'),(347,403,27,'2016-05-30','18:58:46'),(348,202,18,'2016-12-20','16:06:45'),(349,778,39,'2019-07-06','06:22:22'),(350,633,38,'2015-10-02','13:28:21'),(351,86,37,'2016-08-28','23:43:37'),(352,487,45,'2016-12-15','00:03:43'),(353,129,50,'2015-11-26','07:02:16'),(354,827,50,'2015-05-03','22:02:52'),(355,890,14,'2016-10-07','12:54:56'),(356,201,44,'2017-07-14','11:58:57'),(357,452,41,'2016-12-07','00:27:30'),(358,893,21,'2018-01-15','07:57:20'),(359,863,16,'2017-01-15','05:02:51'),(360,420,42,'2017-04-02','04:49:32'),(361,479,8,'2018-10-30','19:28:54'),(362,644,26,'2016-08-22','01:01:24'),(363,618,11,'2018-02-24','03:35:06'),(364,861,31,'2019-10-11','08:10:52'),(365,52,20,'2018-12-29','01:04:28'),(366,128,35,'2019-06-08','10:07:33'),(367,391,16,'2017-08-12','22:08:40'),(368,586,16,'2018-11-22','09:17:41'),(369,844,9,'2019-08-01','23:57:32'),(370,346,6,'2016-11-05','20:35:06'),(371,137,10,'2018-01-25','10:16:48'),(372,690,24,'2018-12-18','13:36:44'),(373,243,22,'2018-12-02','11:13:00'),(374,799,46,'2019-03-19','08:21:03'),(375,11,39,'2016-07-26','03:27:06'),(376,583,29,'2015-03-17','12:36:36'),(377,556,46,'2017-03-28','22:52:55'),(378,438,35,'2017-08-11','20:50:16'),(379,164,2,'2019-09-16','08:56:55'),(380,645,14,'2016-02-21','05:12:50'),(381,764,42,'2015-05-24','21:14:21'),(382,374,37,'2018-10-26','09:07:50'),(383,713,34,'2017-03-10','01:29:47'),(384,151,40,'2016-01-09','01:39:55'),(385,285,15,'2017-12-14','15:57:45'),(386,262,15,'2016-01-03','09:05:19'),(387,376,32,'2018-02-08','04:52:01'),(388,887,7,'2015-12-08','23:37:00'),(389,176,16,'2016-03-16','05:00:10'),(390,877,32,'2018-03-19','10:10:45'),(391,204,13,'2019-09-22','22:56:35'),(392,689,37,'2017-08-08','14:58:39'),(393,448,44,'2016-01-22','02:45:16'),(394,426,8,'2017-07-07','00:59:42'),(395,400,18,'2019-06-14','14:49:50'),(396,200,20,'2015-02-28','05:44:24'),(397,313,34,'2016-11-08','22:52:25'),(398,379,50,'2016-02-20','02:33:19'),(399,218,14,'2016-09-20','11:03:43'),(400,29,27,'2018-08-11','21:21:40'),(401,599,19,'2019-06-03','09:58:17'),(402,798,41,'2016-01-21','13:26:47'),(403,645,30,'2019-09-13','05:59:48'),(404,411,23,'2018-03-20','16:22:18'),(405,670,19,'2017-05-05','05:40:12'),(406,60,28,'2016-10-03','11:49:15'),(407,396,44,'2017-07-10','18:36:14'),(408,815,11,'2019-06-16','07:24:57'),(409,730,28,'2019-09-22','03:01:56'),(410,361,9,'2017-08-08','23:42:18'),(411,776,48,'2018-03-25','10:07:23'),(412,696,18,'2017-09-19','12:21:07'),(413,597,28,'2019-03-29','09:25:36'),(414,221,45,'2016-02-10','07:11:54'),(415,635,37,'2016-06-19','20:08:40'),(416,138,12,'2016-03-12','05:25:29'),(417,154,42,'2015-12-09','03:21:42'),(418,764,19,'2017-08-17','19:53:08'),(419,279,33,'2018-02-21','12:40:22'),(420,729,30,'2015-11-30','06:47:16'),(421,32,16,'2016-10-01','04:28:02'),(422,225,40,'2017-07-20','05:33:33'),(423,723,30,'2015-10-21','02:14:00'),(424,828,4,'2015-08-14','22:00:25'),(425,41,24,'2017-08-20','03:14:17'),(426,337,11,'2016-01-24','22:11:58'),(427,779,42,'2018-12-18','00:48:23'),(428,777,36,'2015-08-06','05:57:22'),(429,217,18,'2015-07-24','15:21:01'),(430,523,5,'2015-12-04','01:21:15'),(431,65,26,'2015-10-12','16:19:34'),(432,676,45,'2017-12-28','07:52:17'),(433,418,47,'2018-02-19','02:25:53'),(434,316,36,'2018-04-04','01:36:58'),(435,208,31,'2017-04-30','17:30:36'),(436,495,40,'2016-02-23','15:14:09'),(437,263,13,'2015-11-03','16:32:08'),(438,87,33,'2017-09-05','06:18:49'),(439,391,43,'2016-10-25','21:16:18'),(440,88,34,'2018-03-13','06:49:27'),(441,846,12,'2016-02-23','22:18:17'),(442,27,38,'2018-05-17','21:48:24'),(443,84,28,'2017-10-23','15:40:02'),(444,703,30,'2015-12-16','14:35:35'),(445,398,24,'2019-04-10','07:13:57'),(446,81,4,'2015-01-12','14:33:50'),(447,175,5,'2015-07-10','10:37:51'),(448,216,21,'2015-06-17','19:28:20'),(449,763,41,'2017-07-07','05:20:29'),(450,777,28,'2017-07-27','03:15:52'),(451,481,46,'2015-03-09','22:20:41'),(452,259,13,'2019-03-12','03:19:19'),(453,210,39,'2019-05-05','02:53:32'),(454,804,10,'2019-03-27','20:47:20'),(455,767,25,'2017-06-30','19:59:11'),(456,743,39,'2015-07-21','03:08:46'),(457,85,36,'2017-06-10','18:05:24'),(458,521,16,'2019-08-18','16:39:01'),(459,19,42,'2019-06-16','22:06:33'),(460,897,24,'2016-11-05','21:29:18'),(461,572,9,'2018-09-08','21:14:19'),(462,469,17,'2017-06-21','04:01:44'),(463,309,18,'2015-10-05','16:31:47'),(464,354,7,'2015-06-08','21:20:45'),(465,286,42,'2018-09-05','01:58:42'),(466,638,2,'2016-03-25','14:11:42'),(467,173,21,'2019-01-07','10:27:22'),(468,334,5,'2016-10-09','07:06:14'),(469,144,14,'2019-04-13','23:58:27'),(470,788,45,'2018-01-19','15:11:43'),(471,830,22,'2018-04-03','14:26:01'),(472,236,49,'2017-01-29','06:23:31'),(473,815,14,'2017-09-15','22:33:56'),(474,300,26,'2017-02-05','08:12:00'),(475,649,15,'2017-05-22','02:27:05'),(476,738,18,'2018-09-22','13:12:41'),(477,114,33,'2015-02-09','01:44:09'),(478,780,30,'2018-07-31','04:30:29'),(479,524,4,'2018-08-19','08:29:28'),(480,691,45,'2019-07-25','01:41:34'),(481,617,47,'2017-07-29','15:48:29'),(482,827,39,'2018-11-16','21:16:58'),(483,593,37,'2019-06-04','17:18:51'),(484,653,42,'2018-08-02','23:47:32'),(485,173,34,'2017-06-10','10:54:44'),(486,21,21,'2018-01-09','12:23:12'),(487,40,38,'2018-10-01','07:03:12'),(488,444,21,'2015-06-24','14:52:48'),(489,635,11,'2017-04-07','11:35:51'),(490,585,6,'2018-03-22','02:33:32'),(491,427,5,'2016-11-30','14:17:52'),(492,873,14,'2018-07-13','15:40:49'),(493,410,43,'2017-08-14','01:17:36'),(494,266,45,'2018-12-13','22:01:46'),(495,850,7,'2018-06-26','10:30:04'),(496,845,41,'2018-05-16','15:16:21'),(497,720,3,'2017-10-03','02:45:42'),(498,307,18,'2015-02-24','16:32:27'),(499,589,48,'2019-04-23','20:35:21');
/*!40000 ALTER TABLE `registration` ENABLE KEYS */;
UNLOCK TABLES;

--
-- Table structure for table `student`
--

DROP TABLE IF EXISTS `student`;
/*!40101 SET @saved_cs_client     = @@character_set_client */;
/*!50503 SET character_set_client = utf8mb4 */;
CREATE TABLE `student` (
  `StudentID` int(11) NOT NULL,
  `Name` text,
  `Lastname` text,
  `Gender` text,
  `BirthDate` text,
  `PhoneNumber` text,
  `Country` int(11) DEFAULT NULL,
  `DeptID` int(11) DEFAULT NULL,
  PRIMARY KEY (`StudentID`)
) ENGINE=InnoDB DEFAULT CHARSET=utf8mb4 COLLATE=utf8mb4_0900_ai_ci;
/*!40101 SET character_set_client = @saved_cs_client */;

--
-- Dumping data for table `student`
--

LOCK TABLES `student` WRITE;
/*!40000 ALTER TABLE `student` DISABLE KEYS */;
INSERT INTO `student` VALUES (1,'Briana','Camacho','Female','1997-01-17','(961) 739-5741',20,6),(2,'Dania','Bell','Female','1994-03-29','(870) 695-6330',39,3),(3,'Bella','Duarte','Female','1999-10-17','(643) 365-5886',41,17),(4,'Lorena','Carr','Female','1994-08-21','(442) 327-4927',52,31),(5,'Amira','Jarvis','Female','1996-08-27','(472) 454-6633',86,7),(6,'Janiya','Gregory','Female','1995-01-13','(665) 812-3512',4,27),(7,'Kaydence','Cooke','Female','1995-08-08','(831) 296-6692',70,21),(8,'Liberty','Vang','Female','1998-11-27','(324) 404-1189',61,32),(9,'Pamela','Mccann','Female','1999-02-16','(897) 756-4686',31,27),(10,'Elaine','Sawyer','Female','1998-03-25','(324) 763-4053',56,27),(11,'Jaylene','Cruz','Female','1998-09-19','(235) 844-4002',94,17),(12,'Faith','Shields','Female','1993-08-19','(613) 774-9245',83,19),(13,'Fiona','Pearson','Female','1990-02-15','(873) 360-8453',97,7),(14,'Belen','Nielsen','Female','1999-08-08','(859) 657-0140',47,13),(15,'Jaslene','Crane','Female','1997-06-12','(630) 363-2094',69,10),(16,'Stacy','Gates','Female','1992-10-11','(547) 870-0900',52,9),(17,'Dakota','Bennett','Female','1992-04-24','(807) 663-2865',24,12),(18,'Haley','Burch','Female','1995-06-24','(837) 278-3447',96,2),(19,'Kyra','Flynn','Female','1990-08-12','(952) 680-8082',15,26),(20,'Stella','Bradley','Female','1996-11-14','(914) 973-5531',96,29),(21,'Emily','English','Female','1999-11-30','(558) 771-3045',78,6),(22,'Taliyah','Clark','Female','1990-10-01','(862) 798-4149',81,30),(23,'Kendal','Le','Female','1994-07-06','(620) 537-8118',10,31),(24,'Aracely','Parsons','Female','1998-12-22','(923) 847-0328',5,24),(25,'Destinee','Horn','Female','1992-04-22','(602) 791-5223',46,31),(26,'Aubree','Rivers','Female','1999-09-16','(270) 767-1812',70,19),(27,'Denise','Hodge','Female','1992-10-06','(589) 599-8053',54,22),(28,'Kamryn','Banks','Female','1999-03-10','(322) 899-0045',48,11),(29,'Marissa','Mahoney','Female','1990-04-16','(873) 739-3573',88,18),(30,'Nadia','Gardner','Female','1995-02-28','(754) 749-0341',70,21),(31,'Giovanna','Davila','Female','1994-08-18','(531) 738-8900',83,31),(32,'Allison','Pennington','Female','1991-12-05','(236) 974-6713',47,4),(33,'Maya','Roberson','Female','1993-03-31','(612) 200-4413',92,14),(34,'Sloane','Frey','Female','1999-05-25','(926) 657-7401',14,16),(35,'Shiloh','Mckinney','Female','1995-11-14','(561) 862-3837',53,31),(36,'Katelynn','Villa','Female','1999-11-24','(669) 500-9386',38,16),(37,'Savannah','Donovan','Female','1998-05-19','(566) 543-9986',63,29),(38,'Clare','Douglas','Female','1996-01-12','(874) 533-1583',73,18),(39,'Jamie','Bauer','Female','1994-07-13','(304) 770-3242',75,18),(40,'Lauren','Davies','Female','1991-06-22','(429) 878-2779',76,8),(41,'Jaylin','Vargas','Female','1994-11-06','(735) 718-2019',94,17),(42,'Danielle','Walker','Female','1999-04-16','(456) 647-7689',69,7),(43,'Jaliyah','Arroyo','Female','1990-02-02','(760) 916-3339',39,5),(44,'Viviana','Moore','Female','1994-03-02','(350) 729-6705',56,1),(45,'Carina','Hardy','Female','1991-07-12','(397) 731-9086',13,11),(46,'Scarlett','Becker','Female','1997-08-02','(894) 847-2209',89,14),(47,'Elizabeth','Reeves','Female','1995-10-24','(592) 838-9023',93,21),(48,'Ruth','Chen','Female','1990-10-11','(947) 550-7455',73,6),(49,'Talia','Arnold','Female','1999-12-01','(885) 557-5594',86,22),(50,'Kennedy','Decker','Female','1994-11-19','(986) 872-5829',45,6),(51,'Tatum','Schmidt','Female','1993-04-13','(997) 392-6195',38,33),(52,'Amani','Whitney','Female','1995-02-12','(609) 628-2918',77,33),(53,'Whitney','Kane','Female','1998-03-07','(997) 958-5398',82,29),(54,'Mya','Maddox','Female','1998-06-15','(995) 554-7525',7,21),(55,'Lily','Prince','Female','1992-05-21','(880) 651-1031',56,26),(56,'Alexia','Richardson','Female','1999-03-26','(719) 884-5637',17,2),(57,'Emery','Vincent','Female','1999-04-20','(620) 353-2767',86,17),(58,'Liana','Massey','Female','1993-09-02','(875) 472-9125',66,3),(59,'Laci','Patel','Female','1993-03-08','(576) 338-3077',34,3),(60,'Shannon','Howe','Female','1993-03-01','(913) 316-3274',37,20),(61,'Michaela','Gaines','Female','1992-05-07','(555) 993-1906',41,4),(62,'Cassidy','Livingston','Female','1996-05-09','(257) 561-6773',69,29),(63,'Barbara','Mccarthy','Female','1992-07-23','(328) 248-3150',73,11),(64,'Serena','Walton','Female','1994-12-24','(250) 386-1534',65,11),(65,'Akira','Zavala','Female','1995-01-09','(805) 225-8380',65,20),(66,'Jayda','Fritz','Female','1995-10-18','(893) 385-9839',3,31),(67,'Sienna','Fuller','Female','1991-06-26','(891) 555-7379',98,17),(68,'Jaylen','Howell','Female','1991-09-27','(596) 494-8613',71,6),(69,'Izabella','Rodgers','Female','1998-06-23','(275) 994-3526',48,1),(70,'Cherish','Peterson','Female','1997-02-19','(264) 240-7372',50,1),(71,'Angelique','Estes','Female','1993-07-21','(837) 305-7986',18,9),(72,'Aria','Hendrix','Female','1999-01-18','(254) 426-4498',32,23),(73,'Magdalena','Kidd','Female','1999-08-14','(945) 807-2430',58,32),(74,'Joyce','Andrews','Female','1993-08-23','(267) 336-5560',29,5),(75,'Zion','Ashley','Female','1993-06-17','(556) 401-2488',20,22),(76,'Laura','Mendez','Female','1992-08-20','(337) 933-6204',78,15),(77,'Jaslyn','Mcbride','Female','1994-03-27','(896) 200-0459',75,32),(78,'Madelynn','Ellison','Female','1999-05-06','(518) 645-2602',88,8),(79,'Sofia','Galvan','Female','1995-11-26','(283) 793-9837',8,13),(80,'Fatima','Burton','Female','1996-06-13','(626) 286-0662',11,23),(81,'Iyana','Ramirez','Female','1994-04-02','(243) 621-2384',89,2),(82,'Jane','Lopez','Female','1996-03-30','(383) 382-6737',5,31),(83,'Laylah','Leblanc','Female','1990-07-23','(795) 222-0608',36,30),(84,'Melany','Barber','Female','1999-05-13','(282) 337-1277',99,5),(85,'Rachel','Dunlap','Female','1995-04-09','(636) 647-2934',71,9),(86,'Shania','Ortiz','Female','1997-11-14','(641) 821-8276',16,29),(87,'Valentina','Carroll','Female','1990-11-28','(972) 681-4290',23,16),(88,'Felicity','Webster','Female','1994-01-05','(906) 846-6283',42,31),(89,'Anabel','Santos','Female','1992-03-04','(763) 737-0629',19,4),(90,'Taniya','Larson','Female','1997-10-06','(256) 806-1969',65,19),(91,'Payton','Holmes','Female','1990-11-22','(476) 294-5926',83,17),(92,'Nola','Wright','Female','1998-07-07','(680) 783-2750',22,15),(93,'Dayami','Leonard','Female','1997-07-14','(904) 449-3006',30,21),(94,'Jillian','Weeks','Female','1995-02-28','(805) 938-8550',65,24),(95,'Jocelynn','Cohen','Female','1992-10-18','(448) 883-9009',52,6),(96,'Rachael','Cook','Female','1992-06-14','(792) 766-9623',2,5),(97,'Dayanara','Franco','Female','1990-03-01','(882) 447-4900',4,25),(98,'Elliana','Flores','Female','1997-07-26','(882) 716-1286',82,30),(99,'Regina','Juarez','Female','1996-05-01','(727) 758-7230',90,25),(100,'Katrina','Herrera','Female','1997-03-31','(646) 840-6538',2,25),(101,'Victoria','Booth','Female','1999-05-18','(436) 636-5359',54,3),(102,'Francesca','Craig','Female','1990-09-14','(754) 419-8371',23,32),(103,'Aleena','Evans','Female','1995-01-03','(686) 460-6519',49,6),(104,'Mollie','Padilla','Female','1997-10-06','(440) 381-5582',63,7),(105,'Alisha','Morrow','Female','1997-08-16','(707) 309-7108',7,26),(106,'Macey','Henry','Female','1993-05-04','(601) 946-7635',43,10),(107,'Summer','Thomas','Female','1998-09-08','(256) 413-4121',62,10),(108,'Karlie','Foley','Female','1993-05-19','(341) 341-2769',84,4),(109,'Morgan','Hardin','Female','1993-02-15','(866) 884-9135',97,3),(110,'Amelie','Mueller','Female','1990-05-16','(913) 929-3549',93,21),(111,'Marilyn','Ramos','Female','1990-04-01','(624) 838-8809',47,4),(112,'Daniella','Hutchinson','Female','1990-05-15','(954) 227-9296',14,7),(113,'Leilani','Soto','Female','1996-01-07','(545) 404-2082',91,22),(114,'Khloe','Wells','Female','1996-09-11','(262) 488-8165',57,14),(115,'Paige','Ross','Female','1990-09-07','(223) 396-0621',57,23),(116,'Abbey','Kaufman','Female','1998-04-01','(881) 426-9866',2,11),(117,'Ashtyn','Sanchez','Female','1995-02-28','(671) 270-8986',92,13),(118,'Kasey','Ramsey','Female','1990-01-07','(920) 412-3154',21,30),(119,'Alyssa','Boyle','Female','1998-01-19','(591) 853-6637',67,5),(120,'Autumn','Osborn','Female','1998-02-23','(577) 474-2970',74,20),(121,'Casey','House','Female','1997-12-22','(968) 268-7966',76,21),(122,'Amy','Fisher','Female','1998-09-25','(916) 894-0256',84,2),(123,'Jenna','Keith','Female','1993-11-22','(978) 561-5434',50,1),(124,'Jazlene','Bolton','Female','1990-09-12','(609) 521-1882',59,33),(125,'Alexis','Montes','Female','1995-08-30','(985) 332-2433',47,27),(126,'Marely','Barron','Female','1998-10-10','(510) 530-6119',65,7),(127,'Mary','Calhoun','Female','1990-03-14','(892) 598-2985',37,18),(128,'Alexandra','Goodwin','Female','1992-01-18','(434) 252-2312',17,11),(129,'Carolina','Bentley','Female','1999-01-21','(957) 302-3221',9,22),(130,'Ximena','Hale','Female','1999-08-13','(423) 632-1728',61,10),(131,'Shayla','Garcia','Female','1999-04-15','(377) 531-0747',83,32),(132,'Ana','Burnett','Female','1997-11-22','(613) 599-7749',97,32),(133,'Simone','Page','Female','1991-08-05','(826) 442-9210',82,8),(134,'Serenity','Elliott','Female','1996-01-20','(890) 301-8168',96,24),(135,'Ansley','Houston','Female','1993-12-18','(609) 211-7251',76,11),(136,'Mariam','Underwood','Female','1991-12-03','(523) 522-0563',57,18),(137,'Jamya','Morales','Female','1993-08-14','(528) 446-2310',33,16),(138,'Ellie','Hickman','Female','1992-10-05','(638) 787-9050',77,21),(139,'Deja','Young','Female','1998-02-28','(590) 496-9734',35,27),(140,'Maria','Cooper','Female','1999-08-06','(749) 676-9828',68,33),(141,'Zoe','Fernandez','Female','1995-09-26','(586) 738-7137',6,33),(142,'Mariana','Novak','Female','1996-01-02','(237) 460-5978',10,7),(143,'Yadira','Brennan','Female','1991-05-06','(958) 932-0240',8,9),(144,'Lindsay','Krueger','Female','1995-02-28','(704) 619-8773',52,14),(145,'Erin','Lamb','Female','1990-08-31','(804) 936-1975',53,32),(146,'Leyla','Mccullough','Female','1993-08-29','(225) 913-9311',25,12),(147,'Larissa','Malone','Female','1991-07-18','(671) 905-3086',31,33),(148,'Carla','Huffman','Female','1997-04-17','(980) 461-3412',6,10),(149,'Asia','Roman','Female','1995-10-25','(532) 454-8399',22,4),(150,'Shaniya','Glover','Female','1993-10-23','(943) 691-9973',81,32),(151,'Cristal','Crosby','Female','1998-10-20','(429) 767-4000',61,8),(152,'Riley','Good','Female','1995-04-01','(351) 769-5278',39,29),(153,'Judith','Swanson','Female','1994-06-24','(603) 682-3271',5,27),(154,'Malia','Ball','Female','1990-03-27','(702) 965-0570',64,28),(155,'Hana','Clayton','Female','1995-09-23','(632) 488-7512',78,27),(156,'Camille','Landry','Female','1999-10-15','(760) 602-9813',43,30),(157,'Gia','Gallagher','Female','1998-12-18','(994) 969-6535',11,11),(158,'Madeline','Freeman','Female','1997-01-01','(329) 432-4231',51,14),(159,'Chelsea','Alvarado','Female','1997-02-10','(762) 295-3444',89,13),(160,'Raquel','Moss','Female','1998-12-01','(641) 880-7791',11,23),(161,'Zara','Haley','Female','1997-03-08','(297) 471-1430',49,3),(162,'Aspen','Armstrong','Female','1998-10-15','(775) 244-3256',52,28),(163,'Leticia','Reid','Female','1994-10-25','(507) 518-3299',29,25),(164,'Macie','Cox','Female','1991-05-09','(316) 542-9387',89,22),(165,'Amanda','Costa','Female','1993-05-03','(594) 771-8065',31,21),(166,'Perla','Levine','Female','1992-09-23','(605) 412-3327',55,17),(167,'Alondra','Savage','Female','1990-08-14','(965) 432-4165',23,11),(168,'Kamora','Blankenship','Female','1998-06-15','(347) 553-1102',11,18),(169,'Jordan','Small','Female','1994-05-31','(930) 347-6062',75,11),(170,'Julianna','Paul','Female','1992-03-13','(269) 348-9496',72,25),(171,'Selina','Key','Female','1990-12-07','(867) 623-4262',57,17),(172,'Reina','Kerr','Female','1997-12-17','(940) 689-5695',16,13),(173,'Raelynn','Briggs','Female','1991-01-31','(410) 658-2395',33,27),(174,'Kamila','Nichols','Female','1990-10-06','(579) 321-2520',96,32),(175,'April','Farrell','Female','1992-11-10','(884) 454-0150',62,29),(176,'Olivia','Everett','Female','1998-06-19','(603) 247-7083',92,19),(177,'Juliet','Lin','Female','1997-01-04','(992) 803-2324',70,24),(178,'Anaya','Gilmore','Female','1999-05-17','(956) 984-8017',12,27),(179,'Clarissa','Conrad','Female','1998-02-09','(784) 936-6838',53,6),(180,'Jazlyn','Valenzuela','Female','1990-05-21','(616) 667-5179',99,18),(181,'Ashley','Dudley','Female','1995-10-14','(835) 887-6238',95,10),(182,'Lena','Petty','Female','1991-10-31','(886) 833-7236',90,11),(183,'Bria','Hill','Female','1993-11-10','(839) 554-7324',19,28),(184,'Patience','Simmons','Female','1990-01-19','(481) 330-6591',42,31),(185,'Brynn','Mckay','Female','1999-09-02','(637) 214-4213',100,14),(186,'Avah','Coffey','Female','1997-01-31','(837) 537-2497',56,25),(187,'Ariel','Herring','Female','1991-08-26','(882) 721-5547',13,26),(188,'Zaria','Schaefer','Female','1994-12-21','(602) 417-5276',28,4),(189,'Janiyah','Mcknight','Female','1997-12-18','(503) 875-1121',9,16),(190,'Mareli','Gould','Female','1995-12-23','(395) 577-0648',46,6),(191,'Brooklyn','Brooks','Female','1998-03-05','(322) 946-6716',83,11),(192,'Karissa','Steele','Female','1992-07-13','(243) 987-7655',29,21),(193,'Lisa','Baker','Female','1999-03-19','(763) 523-5797',15,33),(194,'Angelina','Colon','Female','1997-11-20','(245) 370-2274',98,21),(195,'Kelsie','Wolf','Female','1996-03-22','(480) 753-5143',72,13),(196,'Laila','Mejia','Female','1999-03-01','(673) 691-7952',25,17),(197,'Cierra','Zamora','Female','1997-09-12','(692) 524-6874',26,4),(198,'Brisa','Mcgee','Female','1995-08-30','(679) 304-0995',30,17),(199,'Grace','Hicks','Female','1991-10-16','(660) 476-2013',53,21),(200,'Erica','Rojas','Female','1993-01-01','(818) 509-8763',67,18),(201,'Evelin','Gamble','Female','1991-10-15','(714) 581-3868',94,16),(202,'Ciara','Serrano','Female','1992-05-22','(969) 632-3837',30,17),(203,'Mallory','Hampton','Female','1994-06-09','(928) 946-4787',52,23),(204,'Ava','Friedman','Female','1999-05-06','(641) 740-0555',49,29),(205,'Lainey','Bush','Female','1996-02-25','(887) 559-0874',50,10),(206,'Estrella','Macias','Female','1994-12-29','(320) 238-0192',2,27),(207,'Mercedes','Dunn','Female','1992-09-15','(698) 646-0735',75,27),(208,'Cristina','Buck','Female','1992-07-20','(377) 579-1327',2,12),(209,'Amelia','Woods','Female','1993-12-19','(856) 661-5886',53,29),(210,'Monique','Cain','Female','1992-11-11','(500) 954-2213',95,7),(211,'Adyson','Velez','Female','1994-10-20','(364) 308-8851',54,13),(212,'Kassidy','Warner','Female','1996-08-04','(349) 770-3629',31,32),(213,'Libby','Randall','Female','1990-01-09','(824) 796-5347',75,6),(214,'Eva','Robinson','Female','1996-11-24','(898) 983-7181',91,20),(215,'Gracelyn','Valentine','Female','1993-04-08','(202) 929-8245',13,32),(216,'Frances','Yates','Female','1993-01-07','(903) 642-8393',17,32),(217,'Tara','Marshall','Female','1998-07-23','(971) 723-0559',36,14),(218,'Genevieve','Holland','Female','1991-04-04','(752) 547-1574',72,31),(219,'Dahlia','Spears','Female','1997-03-04','(952) 477-7540',10,1),(220,'Aaliyah','Marsh','Female','1994-04-27','(698) 622-4691',22,14),(221,'Janelle','Farley','Female','1995-10-30','(205) 718-1739',46,20),(222,'Marisa','Dennis','Female','1997-03-02','(900) 293-1481',95,24),(223,'Paisley','Diaz','Female','1998-09-06','(374) 526-9619',59,9),(224,'Angel','Lawrence','Female','1995-08-08','(937) 587-3617',85,22),(225,'Jolie','Rowe','Female','1999-08-30','(259) 207-4878',96,12),(226,'Ellen','Johns','Female','1992-09-23','(971) 508-9868',49,7),(227,'Elianna','Hopkins','Female','1995-07-05','(641) 378-2191',49,8),(228,'Ashly','Powell','Female','1997-04-29','(998) 365-4416',56,8),(229,'Skye','Gonzalez','Female','1998-10-23','(327) 877-3832',57,15),(230,'Laurel','Anderson','Female','1995-02-03','(744) 786-4821',53,13),(231,'Myah','Wise','Female','1996-12-27','(618) 508-5949',33,28),(232,'Shyann','Fitzpatrick','Female','1995-06-27','(814) 783-5285',64,33),(233,'Kaia','Ingram','Female','1993-10-30','(276) 769-9200',20,12),(234,'Kenzie','Golden','Female','1990-07-19','(848) 621-3226',94,9),(235,'Gabrielle','Morgan','Female','1994-01-23','(801) 211-9960',14,9),(236,'Adalynn','Rogers','Female','1991-05-02','(628) 941-3361',3,8),(237,'Jayla','Eaton','Female','1992-12-21','(212) 791-9134',60,22),(238,'Rowan','Cortez','Female','1991-02-15','(454) 302-6173',66,12),(239,'Rhianna','Hays','Female','1990-08-19','(884) 786-4884',25,30),(240,'Esperanza','Frye','Female','1993-07-07','(888) 728-2812',62,23),(241,'Emmalee','Santana','Female','1999-06-21','(663) 700-9279',44,27),(242,'Finley','Blanchard','Female','1990-06-28','(895) 858-2233',80,9),(243,'Cindy','Estrada','Female','1990-05-12','(523) 352-1965',87,32),(244,'Lindsey','Bond','Female','1997-08-10','(904) 572-0143',58,7),(245,'Reese','Sutton','Female','1993-02-19','(731) 218-2999',54,21),(246,'Kaylie','Mendoza','Female','1995-10-22','(772) 795-1231',7,21),(247,'Bridget','Guerra','Female','1995-10-29','(258) 326-0467',15,27),(248,'Jenny','Blackwell','Female','1991-06-07','(503) 601-7072',95,16),(249,'Hanna','Byrd','Female','1997-07-26','(249) 417-4312',17,24),(250,'Kiley','Harrison','Female','1998-07-22','(729) 373-0756',44,18),(251,'Jessie','Wilkins','Female','1990-12-31','(565) 659-6193',51,22),(252,'Alivia','Skinner','Female','1999-03-17','(320) 972-6735',57,8),(253,'Meredith','Frederick','Female','1991-12-21','(414) 545-3687',64,19),(254,'Phoebe','Morrison','Female','1992-07-27','(438) 493-4930',41,21),(255,'Jaycee','Shelton','Female','1998-08-27','(789) 929-7433',12,14),(256,'Alice','Dawson','Female','1991-02-07','(776) 205-5036',68,23),(257,'Hadassah','Nicholson','Female','1999-09-14','(315) 313-2705',15,18),(258,'Paloma','Odom','Female','1990-12-21','(926) 307-4576',84,15),(259,'Deanna','Lucas','Female','1995-02-13','(628) 578-3428',20,20),(260,'Diya','Dorsey','Female','1993-12-24','(489) 779-5400',60,12),(261,'Trinity','Harrington','Female','1993-06-12','(342) 317-8201',68,28),(262,'Daphne','Escobar','Female','1990-07-26','(843) 827-6242',50,3),(263,'Teagan','Erickson','Female','1991-12-06','(982) 877-4290',12,32),(264,'Jacquelyn','Davis','Female','1994-11-26','(977) 604-2214',18,24),(265,'Karina','Gill','Female','1993-05-19','(418) 211-8614',33,26),(266,'Marlene','Hall','Female','1995-05-18','(363) 675-8952',40,26),(267,'Savanna','Middleton','Female','1990-04-14','(581) 749-0363',36,32),(268,'Kiana','Gillespie','Female','1998-12-28','(972) 706-4256',76,21),(269,'Heather','Solis','Female','1999-06-04','(754) 946-4387',76,31),(270,'Elsie','Moran','Female','1998-04-11','(491) 362-1700',80,15),(271,'Nora','Hancock','Female','1994-01-19','(286) 948-5256',17,6),(272,'Hannah','Stuart','Female','1997-04-03','(760) 354-7624',55,16),(273,'Sadie','Vaughan','Female','1993-03-11','(206) 679-9072',96,18),(274,'Maryjane','Caldwell','Female','1998-06-12','(684) 318-2320',64,5),(275,'Micaela','George','Female','1997-02-10','(652) 232-6669',58,33),(276,'Sophie','Huynh','Female','1993-10-04','(405) 601-1968',74,1),(277,'Emmy','Clarke','Female','1994-10-25','(255) 438-7726',46,3),(278,'Hailey','Beard','Female','1995-04-28','(310) 423-5867',44,32),(279,'Julissa','Rivera','Female','1995-02-04','(280) 588-2936',50,29),(280,'Elaina','Suarez','Female','1993-06-24','(480) 233-9008',5,30),(281,'Joselyn','Glenn','Female','1992-01-13','(971) 277-9759',69,8),(282,'Amiyah','Khan','Female','1993-11-10','(445) 717-4810',70,14),(283,'Karlee','Garza','Female','1996-01-18','(964) 484-5311',71,31),(284,'Sidney','Frazier','Female','1998-11-21','(876) 453-7671',84,10),(285,'Claire','Chaney','Female','1996-08-18','(610) 986-7195',89,32),(286,'Rosa','Ibarra','Female','1993-02-28','(687) 708-3210',52,1),(287,'Kendall','Sweeney','Female','1995-07-03','(570) 436-2656',65,15),(288,'Jaelyn','Fuentes','Female','1998-02-25','(605) 765-0029',66,4),(289,'Mila','Mora','Female','1997-04-07','(856) 946-2828',10,2),(290,'Lillie','Lewis','Female','1996-02-22','(612) 361-9008',64,16),(291,'Angelica','Walsh','Female','1995-01-07','(552) 609-9552',80,26),(292,'Charlotte','Dickson','Female','1993-10-01','(486) 999-0281',93,24),(293,'Jamiya','Pollard','Female','1993-07-06','(548) 856-1385',97,12),(294,'Bailey','Ballard','Female','1991-06-16','(685) 508-2708',70,21),(295,'Aniya','Cantu','Female','1993-09-28','(321) 750-3183',13,20),(296,'Phoenix','Stafford','Female','1992-06-18','(206) 437-1143',48,12),(297,'Bianca','Bridges','Female','1992-03-26','(592) 987-0643',15,12),(298,'Mayra','Townsend','Female','1995-09-25','(460) 662-6643',56,27),(299,'Arabella','Cherry','Female','1990-01-08','(684) 966-9074',7,12),(300,'Zoey','Weaver','Female','1995-05-31','(908) 765-7090',24,10),(301,'Natalie','Ware','Female','1992-10-09','(306) 350-4127',70,1),(302,'Priscilla','Mcfarland','Female','1993-04-25','(442) 490-7305',6,23),(303,'Meadow','Garner','Female','1992-04-27','(509) 823-3376',71,1),(304,'Valery','Andersen','Female','1994-09-08','(340) 877-3059',25,27),(305,'Cecelia','Holder','Female','1998-10-24','(509) 896-2716',72,28),(306,'Cynthia','Smith','Female','1992-04-14','(950) 762-7420',80,26),(307,'Andrea','Parrish','Female','1993-03-18','(580) 762-8993',99,27),(308,'Halle','Mata','Female','1994-03-19','(261) 527-4634',64,19),(309,'Nylah','Bernard','Female','1997-02-05','(630) 378-3616',27,25),(310,'Esther','Owen','Female','1995-02-25','(347) 686-8923',55,24),(311,'Reagan','Hester','Female','1993-11-24','(334) 359-6042',95,19),(312,'London','Holt','Female','1990-08-27','(529) 352-1394',18,1),(313,'Karley','Fowler','Female','1997-12-22','(995) 513-8082',2,7),(314,'Lilliana','Avila','Female','1996-04-24','(870) 956-6632',52,8),(315,'Adriana','Lindsey','Female','1990-01-22','(847) 797-0788',89,25),(316,'Litzy','West','Female','1996-01-04','(972) 621-6018',78,7),(317,'Naima','Carter','Female','1992-08-02','(334) 422-5726',44,6),(318,'Dulce','Peters','Female','1995-07-04','(898) 592-9696',54,32),(319,'Mira','Ayers','Female','1993-12-07','(804) 716-7550',79,26),(320,'Guadalupe','Sullivan','Female','1995-07-31','(540) 263-3292',8,20),(321,'Leia','Hunt','Female','1990-05-16','(263) 381-3872',52,24),(322,'Kaylynn','Vaughn','Female','1999-08-07','(898) 942-5167',94,12),(323,'Kylee','Figueroa','Female','1991-05-28','(294) 733-3942',97,32),(324,'Esmeralda','Carson','Female','1995-07-04','(966) 881-1043',88,7),(325,'Alexus','Leon','Female','1999-05-01','(438) 745-9019',51,21),(326,'Ireland','Silva','Female','1999-12-15','(286) 414-1463',34,4),(327,'Destiney','Mills','Female','1999-02-15','(689) 316-2889',76,5),(328,'Selah','Villanueva','Female','1998-02-07','(486) 294-2629',45,29),(329,'Abbie','Carrillo','Female','1998-04-29','(627) 769-5747',78,32),(330,'Lara','Jimenez','Female','1993-04-27','(884) 252-5777',25,27),(331,'Julia','Nixon','Female','1993-01-14','(262) 466-3795',93,20),(332,'Corinne','Horne','Female','1993-03-24','(233) 495-7280',42,16),(333,'Zoie','Christensen','Female','1999-08-28','(762) 366-2015',59,3),(334,'Aiyana','Whitaker','Female','1996-11-19','(306) 748-2260',97,26),(335,'Eden','Wheeler','Female','1992-01-27','(318) 491-1735',46,20),(336,'Kamari','Sexton','Female','1992-11-06','(703) 826-4072',70,10),(337,'Miracle','Perez','Female','1993-08-25','(258) 560-9008',97,26),(338,'Ali','Jennings','Female','1990-05-27','(296) 590-1895',37,1),(339,'Adrienne','Wall','Female','1990-05-13','(236) 497-2936',7,6),(340,'Marina','Turner','Female','1994-12-23','(884) 841-2092',56,26),(341,'Annabelle','Raymond','Female','1990-10-03','(571) 569-1540',63,30),(342,'Elyse','Odonnell','Female','1997-07-04','(651) 876-7130',92,8),(343,'Gabriela','Vasquez','Female','1992-04-28','(844) 712-1979',36,26),(344,'Jimena','Little','Female','1993-08-28','(538) 874-6214',35,5),(345,'June','Olsen','Female','1994-10-18','(520) 654-7486',59,17),(346,'Rayne','Mcgrath','Female','1995-08-22','(468) 216-8652',41,15),(347,'Yazmin','Goodman','Female','1998-10-16','(257) 907-6560',13,12),(348,'Ivy','Villegas','Female','1998-03-09','(479) 417-3140',48,11),(349,'Desirae','Fitzgerald','Female','1999-08-10','(922) 922-4403',18,28),(350,'Kianna','Noble','Female','1993-07-19','(815) 847-8308',73,3),(351,'Lucy','Woodard','Female','1994-10-02','(967) 986-3898',53,13),(352,'Kiara','Mccall','Female','1996-12-25','(930) 496-5808',64,4),(353,'Amya','Downs','Female','1997-05-08','(749) 260-0913',19,32),(354,'Amiya','Rios','Female','1998-07-24','(680) 266-9276',75,25),(355,'Layla','Ritter','Female','1993-07-01','(903) 744-1204',11,30),(356,'Karly','Gomez','Female','1999-05-01','(522) 609-0895',33,18),(357,'Kayla','Obrien','Female','1994-12-10','(446) 420-4981',64,9),(358,'Joy','Greer','Female','1992-11-21','(281) 737-6187',88,27),(359,'Charlee','Kirk','Female','1992-01-15','(624) 281-8266',14,7),(360,'Anabelle','Hurley','Female','1990-12-02','(609) 673-7655',86,31),(361,'Carolyn','Strickland','Female','1991-11-16','(320) 286-4470',60,20),(362,'Kira','Wyatt','Female','1994-11-06','(756) 806-7335',51,16),(363,'Ariana','Henson','Female','1999-09-05','(477) 326-6387',6,8),(364,'Kyleigh','Tate','Female','1998-07-25','(917) 465-1705',45,25),(365,'Payten','Woodward','Female','1996-04-07','(809) 351-0681',45,16),(366,'Dana','Bullock','Female','1996-10-15','(372) 808-4935',28,17),(367,'Lorelai','Bates','Female','1993-12-11','(953) 919-6443',23,23),(368,'Elise','Delacruz','Female','1999-02-03','(448) 292-6334',37,2),(369,'Kara','Dodson','Female','1992-09-14','(210) 595-8679',86,7),(370,'Elisabeth','Lynn','Female','1992-03-28','(608) 597-7692',88,11),(371,'Jordin','Barrett','Female','1997-12-11','(757) 370-7310',82,19),(372,'Lina','Barnett','Female','1993-09-29','(995) 974-5886',86,31),(373,'Jasmin','Chung','Female','1997-05-08','(547) 568-8533',94,15),(374,'Katie','Holden','Female','1991-12-11','(235) 351-6363',88,13),(375,'Eleanor','Sellers','Female','1997-08-04','(581) 668-5557',64,4),(376,'Alaina','Rollins','Female','1991-06-06','(229) 917-0127',53,9),(377,'Annabel','Schroeder','Female','1997-12-17','(624) 205-1530',88,2),(378,'Lyric','Montgomery','Female','1998-07-20','(308) 284-0508',78,4),(379,'Breanna','Rivas','Female','1992-08-10','(326) 743-2122',9,32),(380,'Araceli','Bean','Female','1994-01-21','(779) 888-5943',76,24),(381,'Marcel','Beasley','Male','1993-01-27','(932) 681-9715',27,24),(382,'Kadyn','Hogan','Male','1996-11-08','(366) 489-7824',26,9),(383,'Gunner','Baird','Male','1996-04-11','(955) 607-0352',24,15),(384,'Raul','Miles','Male','1998-11-20','(670) 246-0334',36,29),(385,'Ryder','Castaneda','Male','1997-07-25','(682) 375-4253',70,12),(386,'Ulises','Drake','Male','1998-08-15','(463) 716-1893',3,32),(387,'Augustus','Ferguson','Male','1997-04-05','(721) 552-4617',45,1),(388,'Owen','Wolfe','Male','1995-12-03','(682) 372-5749',89,1),(389,'Emanuel','Austin','Male','1995-03-03','(508) 542-0903',49,33),(390,'Preston','Salazar','Male','1997-05-15','(591) 315-8964',52,20),(391,'Clayton','Conley','Male','1993-01-14','(650) 857-7810',86,6),(392,'Nico','Huber','Male','1994-06-22','(438) 885-4936',88,32),(393,'Jasper','Kent','Male','1997-05-12','(811) 952-9903',89,29),(394,'Dustin','Booker','Male','1992-05-20','(662) 727-3323',30,21),(395,'Emmett','Saunders','Male','1999-08-31','(971) 795-0189',29,7),(396,'Jesus','Hernandez','Male','1992-01-25','(569) 860-0733',14,1),(397,'Rogelio','Barton','Male','1999-05-02','(430) 571-2605',54,22),(398,'Milton','Cochran','Male','1990-01-10','(362) 224-9462',42,17),(399,'Alexander','Doyle','Male','1992-04-25','(645) 945-8479',32,16),(400,'Rigoberto','Kim','Male','1996-12-04','(420) 221-9036',37,1),(401,'Grady','Joyce','Male','1993-11-02','(445) 607-2003',88,5),(402,'Gregory','Cummings','Male','1997-02-14','(876) 606-7720',76,27),(403,'Royce','Bradshaw','Male','1998-01-15','(800) 466-1613',81,31),(404,'Phoenix','Andrade','Male','1992-06-27','(235) 457-2061',64,6),(405,'Jakobe','Stark','Male','1995-01-20','(949) 969-8081',83,28),(406,'Jayce','Mcintyre','Male','1991-02-23','(362) 356-5262',36,7),(407,'Hudson','Madden','Male','1998-01-23','(469) 892-1504',50,33),(408,'Ruben','Wu','Male','1996-09-18','(697) 656-1209',29,32),(409,'Quintin','Price','Male','1994-05-25','(486) 987-6727',59,2),(410,'Dillon','Trujillo','Male','1993-05-07','(683) 674-3173',54,26),(411,'Tristen','Maynard','Male','1991-07-26','(349) 737-3480',84,31),(412,'Charles','Vega','Male','1996-09-30','(853) 789-9958',64,14),(413,'Muhammad','Baxter','Male','1995-12-30','(215) 535-2472',67,14),(414,'Dalton','Scott','Male','1991-05-05','(234) 374-4176',43,6),(415,'Jaime','Stewart','Male','1995-11-13','(679) 753-9746',36,7),(416,'Ernest','Maldonado','Male','1992-10-08','(319) 399-5920',59,2),(417,'Osvaldo','Duffy','Male','1994-02-25','(249) 254-3386',42,22),(418,'Kaden','Merritt','Male','1999-11-16','(806) 347-8439',3,8),(419,'Erik','Daniel','Male','1994-09-11','(363) 649-5410',9,24),(420,'Johan','Roy','Male','1991-02-24','(371) 631-4601',57,23),(421,'Sincere','David','Male','1997-06-21','(390) 804-6010',33,10),(422,'Gilbert','Park','Male','1998-09-01','(200) 611-5101',69,12),(423,'Luis','Fischer','Male','1999-07-01','(766) 610-9100',99,3),(424,'Rex','Walls','Male','1991-09-03','(775) 900-5808',98,23),(425,'Roman','Gibson','Male','1990-02-15','(296) 237-8510',58,13),(426,'Kameron','Mason','Male','1998-03-03','(701) 611-3352',81,16),(427,'Felix','Kirby','Male','1994-08-29','(496) 462-0065',64,5),(428,'Brett','Larsen','Male','1990-05-18','(896) 651-1959',25,29),(429,'Quinn','Nunez','Male','1996-02-19','(304) 706-0067',99,30),(430,'Joel','Navarro','Male','1990-05-05','(570) 756-4232',54,33),(431,'Ignacio','Francis','Male','1992-10-08','(377) 691-5700',84,33),(432,'Jasiah','Tran','Male','1990-04-29','(279) 981-5419',35,17),(433,'Alonso','Walter','Male','1994-09-14','(324) 546-2817',53,1),(434,'Gerald','Murillo','Male','1990-05-26','(252) 490-1824',81,3),(435,'Malakai','Curry','Male','1994-03-31','(762) 959-8515',78,24),(436,'Leon','Stephenson','Male','1992-11-25','(848) 816-8170',71,32),(437,'Finnegan','Melton','Male','1996-03-24','(427) 775-0991',51,10),(438,'Reginald','Bailey','Male','1992-06-11','(630) 697-8280',6,11),(439,'Kelton','Cline','Male','1997-01-29','(906) 662-6475',72,23),(440,'Alfonso','Short','Male','1990-08-17','(999) 885-6789',6,1),(441,'Keon','Forbes','Male','1993-07-14','(630) 263-0608',86,29),(442,'Luke','Riggs','Male','1990-02-23','(990) 845-4306',49,25),(443,'Brian','Guerrero','Male','1994-04-18','(274) 716-0217',18,3),(444,'Rashad','Haynes','Male','1997-02-25','(896) 845-2616',58,12),(445,'Javon','Hurst','Male','1996-12-24','(448) 689-5544',7,8),(446,'Jakob','Rowland','Male','1991-07-10','(380) 329-2421',85,16),(447,'Reagan','Yu','Male','1993-05-12','(482) 603-9139',60,12),(448,'Zaiden','Rangel','Male','1995-10-29','(265) 312-8921',64,27),(449,'Solomon','Simpson','Male','1998-02-18','(393) 973-6442',39,32),(450,'Gilberto','Carney','Male','1992-01-02','(968) 290-8577',28,27),(451,'Jaiden','Frank','Male','1992-05-29','(872) 382-7853',100,29),(452,'Mohamed','Watkins','Male','1998-10-18','(481) 912-8422',79,33),(453,'Finn','Parker','Male','1997-04-04','(489) 669-9934',92,21),(454,'Konner','Love','Male','1995-10-23','(728) 306-1019',20,7),(455,'Jalen','Mooney','Male','1995-02-21','(917) 999-3058',84,12),(456,'Rodney','Giles','Male','1999-02-06','(395) 854-2828',41,6),(457,'Leland','Barrera','Male','1996-12-08','(403) 934-6730',15,29),(458,'Cayden','Mack','Male','1993-09-05','(718) 391-6181',78,30),(459,'Marc','Hensley','Male','1993-03-22','(448) 479-5483',72,28),(460,'Deshawn','Shaffer','Male','1996-08-23','(587) 357-0943',90,10),(461,'Tommy','Dillon','Male','1992-08-13','(825) 798-6787',58,29),(462,'Ryan','Allison','Male','1994-10-04','(680) 739-5814',87,5),(463,'Kamron','Cooley','Male','1991-07-16','(611) 233-3726',14,7),(464,'Jamari','Pugh','Male','1991-08-08','(287) 880-2560',20,26),(465,'Braiden','Reyes','Male','1992-09-20','(644) 362-5827',77,15),(466,'Devyn','Michael','Male','1996-04-04','(686) 693-7305',71,4),(467,'Mohammed','Levy','Male','1990-03-02','(223) 985-9753',34,27),(468,'Robert','Oconnell','Male','1993-06-22','(635) 922-5089',45,12),(469,'Javion','Randolph','Male','1991-06-29','(358) 673-4282',48,5),(470,'Ernesto','Callahan','Male','1990-02-25','(455) 514-2269',61,25),(471,'Max','Best','Male','1992-07-23','(772) 795-1178',65,15),(472,'Bobby','Coleman','Male','1996-01-24','(295) 322-2344',53,4),(473,'Carsen','Perkins','Male','1996-05-13','(346) 626-0072',93,18),(474,'Reed','Chavez','Male','1991-07-15','(966) 780-4419',58,33),(475,'Prince','Snyder','Male','1998-09-13','(473) 723-3803',14,26),(476,'Beckett','Collier','Male','1996-04-05','(515) 303-3447',50,28),(477,'Mateo','Hoffman','Male','1999-11-12','(709) 546-2004',98,8),(478,'Zain','Tanner','Male','1991-01-21','(415) 650-1487',10,10),(479,'Kendrick','Gray','Male','1992-08-11','(420) 769-3206',96,31),(480,'Messiah','Henderson','Male','1997-11-07','(587) 652-2402',40,12),(481,'Jamison','Dixon','Male','1996-02-21','(565) 468-4459',38,2),(482,'Abdullah','Rich','Male','1994-09-27','(219) 257-5766',70,13),(483,'Zackery','Ali','Male','1990-05-12','(745) 751-4460',89,21),(484,'Austin','Velazquez','Male','1992-01-26','(952) 836-9613',36,22),(485,'Zachary','Esparza','Male','1990-08-28','(269) 223-2811',32,18),(486,'Quinten','Lowe','Male','1996-05-25','(517) 446-7221',50,10),(487,'Kamden','Lucero','Male','1992-07-29','(928) 937-0522',64,20),(488,'Ezra','Stein','Male','1998-07-17','(380) 618-9502',42,4),(489,'Leonel','Zuniga','Male','1997-01-05','(681) 612-5030',16,16),(490,'Maurice','Glass','Male','1990-07-09','(440) 742-5449',12,4),(491,'Ayden','Kennedy','Male','1996-10-13','(597) 267-1672',92,16),(492,'Mathias','Farmer','Male','1992-10-22','(798) 287-5732',89,1),(493,'Moshe','Montoya','Male','1998-06-03','(598) 677-5926',2,24),(494,'Lukas','Whitehead','Male','1991-06-01','(400) 725-3335',21,22),(495,'Geovanni','Maxwell','Male','1997-12-12','(911) 310-3684',59,14),(496,'Dallas','Chandler','Male','1996-08-08','(597) 792-4141',34,18),(497,'Ari','Cordova','Male','1998-12-13','(606) 297-9068',34,24),(498,'Walter','Russell','Male','1991-10-17','(425) 276-7244',2,8),(499,'Skyler','Crawford','Male','1995-02-23','(780) 280-4079',81,25),(500,'Rohan','Casey','Male','1997-07-28','(295) 494-1304',80,26),(501,'Wilson','Stanton','Male','1993-07-03','(926) 855-6670',81,24),(502,'Jaxon','Cross','Male','1997-01-24','(992) 807-8894',35,16),(503,'Isaac','Cannon','Male','1992-10-22','(917) 322-6585',84,26),(504,'Kenny','Robles','Male','1991-12-30','(994) 268-1809',97,14),(505,'Brennan','Greene','Male','1994-10-13','(809) 343-5111',76,12),(506,'Guillermo','Hansen','Male','1990-05-17','(228) 699-9598',89,4),(507,'Deon','Hebert','Male','1993-08-09','(528) 267-7040',12,16),(508,'Bryce','Quinn','Male','1996-02-16','(202) 395-5649',24,23),(509,'Tony','Sharp','Male','1992-03-01','(715) 970-1545',76,3),(510,'Damarion','Jacobs','Male','1995-04-10','(437) 220-6151',54,5),(511,'Tristan','Pitts','Male','1990-06-05','(886) 929-9567',14,2),(512,'London','Cunningham','Male','1995-07-10','(229) 712-4375',76,24),(513,'Sullivan','Garrison','Male','1998-07-14','(629) 908-7325',45,19),(514,'Fabian','Rocha','Male','1991-12-07','(242) 635-5595',61,29),(515,'Devin','Grimes','Male','1991-03-29','(450) 483-4824',53,33),(516,'Taylor','Lane','Male','1992-01-10','(438) 547-1240',8,2),(517,'Chaz','Owens','Male','1990-03-13','(699) 492-2342',70,16),(518,'Fisher','Griffith','Male','1993-07-19','(435) 872-6518',90,10),(519,'Jimmy','Villarreal','Male','1994-02-17','(235) 216-8420',85,22),(520,'Cullen','Hull','Male','1992-11-05','(625) 919-4164',88,4),(521,'Hugo','Lawson','Male','1997-07-05','(379) 685-9655',70,14),(522,'Santiago','Moody','Male','1999-12-02','(323) 772-3069',33,16),(523,'Sonny','Wang','Male','1994-10-09','(761) 695-2375',40,28),(524,'Brogan','Pineda','Male','1994-09-01','(245) 203-5437',42,6),(525,'Spencer','Porter','Male','1990-12-03','(420) 510-1525',91,26),(526,'Blake','Knapp','Male','1991-05-30','(628) 229-9495',6,7),(527,'Milo','Mercado','Male','1991-10-11','(278) 824-4163',99,18),(528,'Gavyn','Norman','Male','1991-12-23','(638) 732-1789',92,17),(529,'Omari','Weiss','Male','1991-01-23','(630) 356-6879',50,21),(530,'Jase','Flowers','Male','1994-04-15','(941) 336-2324',46,19),(531,'Giovanni','Moreno','Male','1992-02-01','(871) 301-9640',60,7),(532,'Jesse','Higgins','Male','1993-04-16','(573) 643-3979',30,6),(533,'Colten','Gordon','Male','1996-04-01','(914) 932-3396',66,19),(534,'Dawson','Myers','Male','1994-09-04','(570) 817-0812',58,3),(535,'Turner','Proctor','Male','1998-12-25','(229) 752-0471',7,12),(536,'Jadiel','Lara','Male','1994-05-08','(318) 972-4628',55,22),(537,'Yair','Patterson','Male','1999-12-22','(888) 696-4026',13,16),(538,'Clay','Berg','Male','1993-12-03','(253) 314-3725',4,24),(539,'Francisco','Wade','Male','1991-07-04','(513) 942-1157',87,14),(540,'Andres','Norris','Male','1998-07-11','(239) 803-1576',15,5),(541,'Rowan','Aguilar','Male','1994-04-09','(458) 894-3778',90,27),(542,'Byron','Potts','Male','1996-04-27','(733) 227-0713',51,30),(543,'Jensen','Oliver','Male','1994-06-19','(958) 434-1158',70,16),(544,'Ronin','Duncan','Male','1995-11-27','(544) 459-1407',54,31),(545,'Ronald','Norton','Male','1998-02-17','(257) 391-0681',91,7),(546,'Matthias','Hughes','Male','1996-03-11','(663) 704-1603',78,23),(547,'Allen','Bruce','Male','1992-10-16','(531) 254-3160',14,8),(548,'Damon','Chan','Male','1997-07-01','(726) 293-9095',55,26),(549,'Caleb','Stout','Male','1998-03-13','(314) 263-3311',32,25),(550,'Brennen','Dyer','Male','1991-04-01','(716) 623-1585',78,3),(551,'Maxim','Jefferson','Male','1990-02-21','(353) 397-0847',88,12),(552,'Tyson','Contreras','Male','1993-02-28','(717) 553-4484',50,18),(553,'Ezequiel','Petersen','Male','1999-11-28','(309) 866-1724',78,13),(554,'Edgar','Orozco','Male','1994-01-27','(300) 775-7411',74,16),(555,'Jermaine','Munoz','Male','1998-07-22','(987) 916-5144',33,32),(556,'Chris','Hanson','Male','1990-05-26','(292) 621-0397',82,33),(557,'Porter','Pace','Male','1993-03-30','(963) 419-3463',30,20),(558,'Tanner','Shah','Male','1994-02-18','(896) 996-7233',80,21),(559,'Derick','Mcdaniel','Male','1992-12-23','(471) 281-8961',16,23),(560,'Collin','Gutierrez','Male','1992-02-15','(459) 988-0867',82,10),(561,'Lawson','Nguyen','Male','1993-05-03','(322) 591-0477',24,22),(562,'David','Reilly','Male','1990-06-14','(829) 276-8469',80,26),(563,'Justin','Heath','Male','1999-09-22','(795) 844-5481',34,33),(564,'Jay','Dalton','Male','1995-05-19','(424) 300-9352',76,13),(565,'Jamar','Blevins','Male','1999-10-04','(584) 482-4259',79,32),(566,'Andrew','Mitchell','Male','1997-11-22','(308) 442-7466',48,2),(567,'Bryan','Willis','Male','1993-09-14','(828) 552-6025',86,16),(568,'Makai','Boone','Male','1995-04-19','(570) 456-4528',49,22),(569,'Jeremiah','Watson','Male','1995-03-07','(934) 701-6164',75,2),(570,'Alden','Floyd','Male','1992-12-21','(689) 540-0147',34,6),(571,'Adriel','Brady','Male','1994-10-01','(544) 372-8669',77,30),(572,'Mohammad','Campos','Male','1994-01-12','(502) 343-2675',27,9),(573,'Leonidas','Sherman','Male','1992-05-27','(891) 358-8116',17,2),(574,'Sterling','Thornton','Male','1995-03-11','(777) 838-7587',7,21),(575,'Aden','Medina','Male','1997-03-18','(677) 687-8368',35,9),(576,'Jose','Dean','Male','1997-10-16','(585) 553-2102',31,15),(577,'Tripp','French','Male','1998-10-22','(252) 475-5209',81,2),(578,'Hezekiah','Gentry','Male','1998-05-16','(248) 758-6402',60,13),(579,'Willie','Stokes','Male','1995-08-26','(225) 362-8134',25,8),(580,'Danny','Bender','Male','1999-02-11','(955) 458-4798',22,16),(581,'Waylon','Lyons','Male','1993-12-13','(200) 564-2013',79,1),(582,'Aryan','Kaiser','Male','1990-08-07','(554) 431-0043',71,18),(583,'Reynaldo','Combs','Male','1998-04-03','(943) 277-5063',59,24),(584,'Rene','Wilkerson','Male','1999-04-19','(561) 254-8358',8,9),(585,'Roland','Mcclure','Male','1994-09-20','(337) 333-7009',20,13),(586,'Kolten','Alvarez','Male','1996-06-22','(714) 969-7605',77,1),(587,'Kason','Day','Male','1992-08-20','(246) 497-7495',2,26),(588,'Jaxson','Brandt','Male','1993-10-02','(537) 864-8362',43,3),(589,'Daniel','Holloway','Male','1996-07-21','(942) 827-7447',98,14),(590,'Orlando','Mclaughlin','Male','1995-07-29','(537) 561-3553',97,20),(591,'Kale','Clements','Male','1993-06-16','(519) 360-0937',80,14),(592,'Layton','Bryan','Male','1993-08-14','(589) 886-6336',75,23),(593,'Saul','Rhodes','Male','1993-02-26','(400) 455-5823',33,10),(594,'Kyan','Dominguez','Male','1991-01-17','(361) 347-0030',37,11),(595,'Zander','Pham','Male','1999-07-15','(666) 326-6864',3,12),(596,'Pranav','Torres','Male','1994-12-29','(979) 497-4652',29,22),(597,'Thomas','Burgess','Male','1997-06-14','(262) 218-6612',10,18),(598,'Samir','Sheppard','Male','1992-12-18','(765) 700-1072',68,27),(599,'Karter','Hubbard','Male','1998-04-10','(291) 735-5495',93,27),(600,'Camden','Green','Male','1999-01-10','(605) 330-7196',4,1),(601,'Davian','Valdez','Male','1993-02-05','(286) 386-3781',86,5),(602,'Rylan','Barnes','Male','1991-08-04','(495) 500-0400',72,22),(603,'Draven','Salas','Male','1990-07-27','(294) 261-6346',43,29),(604,'Riley','Hatfield','Male','1998-11-03','(242) 741-2763',70,8),(605,'Jaquan','Buchanan','Male','1998-03-07','(366) 662-1735',58,2),(606,'Greyson','Liu','Male','1995-03-23','(257) 765-1015',65,23),(607,'Miles','Cantrell','Male','1999-08-27','(208) 383-1408',9,6),(608,'Cristofer','Lozano','Male','1996-04-16','(622) 707-3596',56,11),(609,'Cash','Martinez','Male','1999-05-17','(439) 548-6460',48,2),(610,'Moses','Oconnor','Male','1996-08-07','(603) 915-5306',99,18),(611,'Mekhi','Singleton','Male','1998-03-15','(639) 595-3997',19,5),(612,'Connor','King','Male','1990-06-21','(476) 887-6622',89,12),(613,'Jarrett','Wilkinson','Male','1995-07-25','(954) 405-7906',54,6),(614,'Micah','Lambert','Male','1992-01-24','(546) 478-1827',21,12),(615,'Orion','Gonzales','Male','1993-03-11','(848) 871-0458',90,7),(616,'Oswaldo','Fleming','Male','1998-05-08','(876) 755-9162',50,16),(617,'Yusuf','Ewing','Male','1996-08-04','(220) 762-2928',15,8),(618,'Rey','Taylor','Male','1992-10-28','(738) 595-0932',70,29),(619,'Moises','Kelley','Male','1997-03-02','(550) 473-3071',90,7),(620,'Raiden','Cisneros','Male','1990-02-05','(798) 595-4897',78,27),(621,'Demarcus','Peck','Male','1994-09-15','(901) 469-0333',45,31),(622,'Isaiah','Tyler','Male','1992-08-05','(244) 681-4695',32,3),(623,'Nikolai','Boyer','Male','1992-02-10','(996) 390-7272',42,21),(624,'Devan','Warren','Male','1997-12-27','(897) 439-3041',56,19),(625,'Leandro','Copeland','Male','1995-04-11','(564) 968-3007',38,33),(626,'Chandler','Werner','Male','1992-10-13','(200) 888-4979',93,29),(627,'Darian','Sanders','Male','1993-04-18','(337) 636-0993',33,14),(628,'Coleman','Carlson','Male','1993-04-09','(916) 528-4543',26,20),(629,'Lane','Arias','Male','1997-02-05','(204) 801-5994',81,8),(630,'Derek','Weber','Male','1994-09-24','(565) 456-8254',73,29),(631,'Terrence','Orr','Male','1998-07-27','(310) 516-1179',45,19),(632,'Chase','Brown','Male','1994-01-17','(511) 676-0613',34,21),(633,'Bridger','Vance','Male','1999-01-22','(571) 284-3421',87,20),(634,'Noel','Reynolds','Male','1993-06-25','(241) 899-9996',24,7),(635,'Emmanuel','Hartman','Male','1992-04-18','(737) 201-6190',100,4),(636,'Maverick','White','Male','1992-11-21','(547) 549-1387',83,22),(637,'Roberto','May','Male','1993-11-18','(541) 965-1735',7,19),(638,'Simeon','Rose','Male','1993-09-18','(898) 762-5180',26,13),(639,'Harry','Knox','Male','1996-05-17','(489) 363-3955',87,21),(640,'Koen','Espinoza','Male','1990-02-17','(312) 310-0473',50,4),(641,'Eli','James','Male','1999-09-28','(946) 358-8258',50,28),(642,'Nash','Bishop','Male','1994-10-28','(749) 325-8512',43,33),(643,'Odin','Travis','Male','1994-12-17','(698) 480-4953',5,2),(644,'Jonah','Cole','Male','1994-01-03','(563) 408-4102',86,25),(645,'Kaleb','Deleon','Male','1993-01-13','(342) 467-3304',9,19),(646,'Ibrahim','Clay','Male','1995-10-17','(892) 215-1203',31,11),(647,'Jameson','Mcmillan','Male','1993-05-17','(825) 447-3807',48,17),(648,'Lorenzo','Riddle','Male','1995-02-13','(624) 452-5177',22,19),(649,'Jerome','Thompson','Male','1990-06-30','(935) 769-1370',14,19),(650,'Hayden','Johnson','Male','1992-07-12','(715) 560-9035',90,24),(651,'German','Mosley','Male','1990-02-01','(445) 613-0314',86,31),(652,'Deandre','Oneill','Male','1995-08-08','(565) 941-0171',11,2),(653,'Gaige','Pacheco','Male','1992-03-16','(263) 631-5368',65,31),(654,'Brent','Monroe','Male','1996-11-26','(658) 487-6439',92,24),(655,'Josue','Robertson','Male','1992-06-01','(426) 960-3651',51,9),(656,'Aydin','Mcguire','Male','1990-10-31','(664) 882-7470',36,10),(657,'Gerardo','Cowan','Male','1998-09-04','(710) 283-9468',67,29),(658,'Peter','Schultz','Male','1998-06-05','(375) 786-4621',91,6),(659,'Yosef','Mccoy','Male','1990-12-24','(296) 381-4431',81,29),(660,'Conner','Shepherd','Male','1996-08-28','(339) 463-7125',30,6),(661,'Pablo','Terry','Male','1992-10-26','(350) 451-3489',55,19),(662,'Titus','Atkinson','Male','1990-03-24','(621) 321-2173',16,1),(663,'Dax','Castillo','Male','1999-02-21','(237) 388-9102',56,30),(664,'Leonard','Mccarty','Male','1993-10-03','(418) 443-5938',51,31),(665,'Sheldon','Adkins','Male','1992-09-30','(679) 355-4685',46,23),(666,'Amari','Yang','Male','1993-05-16','(681) 642-7630',63,19),(667,'Terry','Wilcox','Male','1991-08-10','(624) 600-8474',67,17),(668,'Lucian','Miranda','Male','1992-01-09','(774) 815-3983',26,14),(669,'Avery','Manning','Male','1992-06-10','(808) 526-5588',5,19),(670,'Trace','Hess','Male','1998-12-31','(759) 748-3513',32,9),(671,'Jaron','Murphy','Male','1997-11-16','(581) 801-4916',61,14),(672,'Jagger','Schmitt','Male','1991-11-15','(627) 223-5786',65,7),(673,'Kade','Calderon','Male','1992-08-07','(380) 565-6119',92,25),(674,'Aditya','Romero','Male','1990-07-06','(563) 620-0617',74,32),(675,'Elvis','Bowen','Male','1999-02-18','(253) 248-9902',58,32),(676,'Eugene','Hudson','Male','1998-03-03','(847) 529-3899',17,24),(677,'Nikhil','Chambers','Male','1998-01-26','(302) 701-7400',50,24),(678,'Jonas','Grant','Male','1995-11-16','(650) 956-7511',30,14),(679,'Miguel','Dougherty','Male','1993-04-14','(818) 527-3428',30,21),(680,'Will','Durham','Male','1998-06-12','(799) 608-6030',9,26),(681,'Killian','Guzman','Male','1995-10-13','(609) 341-4681',61,7),(682,'Slade','Mullen','Male','1995-03-20','(252) 252-5862',11,3),(683,'Franklin','Kemp','Male','1991-03-16','(303) 475-7361',61,19),(684,'Ross','Conner','Male','1991-05-08','(392) 775-0177',70,16),(685,'Christian','Rosales','Male','1998-07-23','(622) 445-1210',97,1),(686,'Cyrus','Wilson','Male','1990-12-15','(528) 532-9645',77,6),(687,'Zackary','Mays','Male','1996-11-22','(451) 366-8967',55,33),(688,'Troy','Aguirre','Male','1994-06-22','(918) 442-0370',57,2),(689,'Alberto','Burke','Male','1990-04-02','(704) 258-5227',90,26),(690,'Anthony','Mccormick','Male','1992-09-16','(712) 874-2047',37,32),(691,'Armando','Acevedo','Male','1992-10-25','(618) 992-7628',83,2),(692,'Landin','Cervantes','Male','1995-12-02','(321) 471-2517',56,15),(693,'Marvin','Hunter','Male','1996-05-26','(401) 539-1763',97,32),(694,'Landyn','Payne','Male','1991-08-05','(999) 951-4943',4,20),(695,'Zachariah','Beltran','Male','1996-07-21','(903) 290-0670',37,23),(696,'Joseph','Koch','Male','1995-08-21','(297) 370-4685',46,27),(697,'Marco','Hayes','Male','1996-10-02','(921) 859-5106',33,16),(698,'Steve','Rosario','Male','1994-03-12','(550) 398-7828',10,21),(699,'Ahmad','Hendricks','Male','1995-10-22','(611) 276-3858',36,28),(700,'Kymani','Shaw','Male','1992-11-29','(781) 326-0477',39,5),(701,'Cason','Lee','Male','1992-08-10','(307) 514-0068',59,21),(702,'Judah','Wiggins','Male','1993-05-14','(233) 502-3245',64,13),(703,'Kyson','Patton','Male','1996-10-03','(751) 336-4617',18,22),(704,'Beckham','Franklin','Male','1999-01-29','(856) 289-1122',69,11),(705,'Roger','Cameron','Male','1998-01-12','(870) 710-4785',84,22),(706,'Korbin','Nelson','Male','1994-08-26','(299) 638-4493',2,2),(707,'Soren','Macdonald','Male','1993-09-15','(593) 894-5010',68,5),(708,'Victor','Stone','Male','1995-10-08','(484) 417-0066',87,6),(709,'Marquis','Bray','Male','1990-10-25','(600) 654-7810',85,27),(710,'Kylan','Abbott','Male','1992-03-29','(708) 977-2725',13,25),(711,'Jordan','Hammond','Male','1996-10-22','(895) 812-2836',84,12),(712,'Uriah','Watts','Male','1995-03-27','(919) 509-2937',100,20),(713,'Dorian','Buckley','Male','1998-04-16','(808) 481-0431',81,23),(714,'Urijah','Hood','Male','1996-06-05','(970) 389-3892',67,28),(715,'Malik','Anthony','Male','1999-08-17','(781) 780-5571',81,31),(716,'Antonio','Blackburn','Male','1993-04-20','(430) 650-5746',15,32),(717,'Cristopher','Gallegos','Male','1999-05-17','(328) 582-0866',59,16),(718,'Kyle','Hinton','Male','1993-01-16','(750) 611-6820',21,27),(719,'Emilio','Parks','Male','1996-05-10','(825) 662-1047',62,1),(720,'Jamarion','Meza','Male','1996-04-16','(392) 445-0947',72,14),(721,'Davin','Conway','Male','1998-03-30','(668) 387-2445',46,24),(722,'Cory','Moyer','Male','1997-12-10','(752) 332-1016',29,3),(723,'Kane','Mcclain','Male','1997-05-18','(872) 404-2324',75,7),(724,'Scott','Ho','Male','1990-06-09','(474) 260-2458',85,8),(725,'Braden','Harper','Male','1991-05-24','(404) 614-1485',81,28),(726,'Brayden','Shannon','Male','1999-03-11','(202) 964-3632',80,11),(727,'Andy','Ruiz','Male','1996-04-01','(266) 799-3942',100,2),(728,'Vaughn','Mayer','Male','1992-09-28','(252) 711-5658',75,14),(729,'Aaden','Nolan','Male','1994-09-13','(493) 786-2611',43,15),(730,'Branson','Stevens','Male','1994-07-05','(429) 733-8495',68,18),(731,'Rhett','Cabrera','Male','1994-03-26','(343) 404-6975',45,5),(732,'Dominique','Mayo','Male','1992-04-12','(729) 666-2319',14,23),(733,'Omar','Lam','Male','1993-12-28','(615) 907-2851',82,22),(734,'Gael','Bright','Male','1994-11-03','(653) 287-1780',32,28),(735,'Jadyn','Spencer','Male','1996-06-28','(300) 813-8546',38,13),(736,'Angel','Daniels','Male','1998-02-24','(648) 839-8138',53,7),(737,'Kaeden','Morton','Male','1997-04-26','(712) 676-8306',28,32),(738,'Aron','Mckenzie','Male','1993-02-16','(551) 511-3355',62,17),(739,'Darien','Vazquez','Male','1995-08-12','(970) 443-6949',68,4),(740,'Cortez','Atkins','Male','1995-01-27','(866) 715-0446',72,18),(741,'Isiah','Waters','Male','1991-02-10','(298) 946-3803',73,31),(742,'Tyrone','Bowers','Male','1996-11-17','(311) 571-5124',62,8),(743,'Jeramiah','Roach','Male','1997-12-29','(866) 336-3884',23,2),(744,'Trevin','Jacobson','Male','1993-01-23','(866) 856-5248',37,20),(745,'Gabriel','Choi','Male','1993-09-27','(983) 284-9730',78,9),(746,'Mathew','Christian','Male','1995-10-11','(300) 541-6609',29,10),(747,'Tyler','Davenport','Male','1996-10-24','(430) 943-1713',87,3),(748,'Josiah','Reed','Male','1995-04-21','(780) 477-2884',97,26),(749,'Shane','Acosta','Male','1999-08-01','(680) 794-0928',61,14),(750,'Ali','Powers','Male','1992-04-23','(907) 560-9297',6,11),(751,'Micheal','Shea','Male','1994-01-11','(955) 766-0014',39,13),(752,'Louis','Mcdowell','Male','1992-05-03','(854) 448-9831',6,32),(753,'Alexis','Benjamin','Male','1993-04-03','(755) 353-5189',15,10),(754,'Reece','Edwards','Male','1996-09-19','(528) 289-9055',57,3),(755,'Mike','Wallace','Male','1997-08-19','(489) 566-1085',32,9),(756,'Nathen','Benson','Male','1995-03-07','(797) 386-5438',44,20),(757,'Armani','Gay','Male','1994-07-03','(541) 757-8856',74,18),(758,'Ivan','Mcdonald','Male','1999-04-20','(359) 307-3878',13,3),(759,'Arnav','Walters','Male','1994-12-27','(220) 280-7901',42,11),(760,'Craig','Jackson','Male','1993-09-14','(446) 260-5158',64,21),(761,'Julius','Ayala','Male','1991-04-01','(796) 931-6682',68,10),(762,'Bernard','Hodges','Male','1998-01-27','(619) 495-5792',83,13),(763,'Elian','Frost','Male','1994-05-18','(608) 623-2236',56,10),(764,'Carlo','Graham','Male','1999-11-09','(517) 815-2215',9,32),(765,'Jordon','Solomon','Male','1998-01-22','(712) 826-9656',68,7),(766,'Jaydon','Perry','Male','1993-02-09','(940) 813-6377',82,21),(767,'Pedro','Patrick','Male','1995-03-08','(980) 234-6879',53,31),(768,'Fletcher','Santiago','Male','1991-05-19','(326) 382-2135',67,6),(769,'Valentin','Bartlett','Male','1994-09-15','(266) 462-1121',74,18),(770,'Kadin','Barr','Male','1991-11-27','(470) 963-0410',49,8),(771,'Wyatt','Blake','Male','1996-02-17','(360) 695-1937',52,17),(772,'Damian','Ward','Male','1999-05-11','(816) 513-3729',16,16),(773,'Bruno','Richards','Male','1996-04-26','(653) 768-1442',43,4),(774,'Bradley','Humphrey','Male','1995-03-19','(677) 605-2693',43,7),(775,'Kasey','Hines','Male','1999-07-24','(385) 392-8987',99,31),(776,'Chace','Curtis','Male','1990-07-09','(628) 502-2883',79,29),(777,'Colt','Joseph','Male','1995-10-19','(607) 297-5666',6,17),(778,'Brody','Snow','Male','1992-09-30','(582) 627-7393',57,6),(779,'Alan','Melendez','Male','1995-10-27','(867) 701-1725',8,30),(780,'Douglas','Bonilla','Male','1996-04-24','(382) 471-8891',26,9),(781,'Lyric','Johnston','Male','1993-01-24','(499) 435-0948',18,26),(782,'Jeffery','Mcneil','Male','1995-11-02','(977) 365-1282',40,17),(783,'Emerson','Lynch','Male','1991-09-25','(647) 787-3643',15,10),(784,'Reilly','Riley','Male','1991-05-23','(285) 524-8817',71,10),(785,'King','Lowery','Male','1991-10-28','(400) 600-3040',31,14),(786,'Malcolm','Jordan','Male','1998-11-22','(297) 475-9772',85,13),(787,'Bryant','Cobb','Male','1994-12-31','(453) 269-0743',18,9),(788,'Ismael','Spence','Male','1991-03-30','(261) 409-0533',44,17),(789,'Aiden','Winters','Male','1996-10-02','(338) 364-1652',69,5),(790,'Chance','Hobbs','Male','1994-05-19','(373) 759-0769',36,23),(791,'Asa','Mercer','Male','1999-05-24','(516) 920-3355',24,19),(792,'Marshall','Molina','Male','1999-10-19','(291) 949-7014',55,14),(793,'Juan','Roberts','Male','1997-12-12','(447) 396-0306',85,1),(794,'Jackson','Daugherty','Male','1990-09-03','(550) 758-3119',100,26),(795,'Coby','Cardenas','Male','1998-12-09','(772) 737-4191',1,18),(796,'Keagan','Haas','Male','1990-03-07','(427) 567-9614',77,14),(797,'Walker','Schneider','Male','1996-08-28','(892) 459-6368',41,20),(798,'Brendan','Foster','Male','1990-10-08','(881) 947-7586',52,29),(799,'Carson','Waller','Male','1993-12-06','(265) 929-0685',27,31),(800,'Albert','Wood','Male','1998-12-15','(565) 940-8117',41,32),(801,'Ashton','Mcconnell','Male','1996-04-15','(292) 446-7657',50,5),(802,'Callum','Hooper','Male','1997-08-16','(369) 940-2601',42,25),(803,'Dean','Long','Male','1997-05-26','(676) 412-6550',40,29),(804,'Thaddeus','Gilbert','Male','1992-05-06','(450) 959-1262',60,16),(805,'Kamren','Tucker','Male','1994-02-08','(347) 374-9325',37,24),(806,'Rishi','Baldwin','Male','1995-05-16','(243) 336-0568',18,13),(807,'Yandel','Church','Male','1998-09-11','(745) 811-8231',82,26),(808,'Matteo','Gross','Male','1999-04-18','(895) 660-2081',82,11),(809,'Dominic','Mcpherson','Male','1990-08-31','(251) 820-9648',52,12),(810,'Skylar','Herman','Male','1991-09-24','(545) 491-9235',41,12),(811,'Nasir','Preston','Male','1998-11-16','(941) 879-4931',63,6),(812,'Jamie','Schwartz','Male','1995-06-15','(245) 583-2467',86,3),(813,'Demarion','Kramer','Male','1992-08-31','(893) 599-6179',19,29),(814,'Kobe','Branch','Male','1997-08-13','(385) 723-0245',64,22),(815,'Abdiel','Ponce','Male','1997-02-07','(431) 254-1037',70,4),(816,'Brady','Bryant','Male','1995-02-07','(426) 757-2582',53,25),(817,'Jamal','Russo','Male','1996-08-27','(630) 209-5632',16,3),(818,'Eddie','Ryan','Male','1998-08-09','(806) 800-8191',88,3),(819,'Eric','Adams','Male','1993-07-11','(280) 777-8702',26,31),(820,'Ricky','Wagner','Male','1993-10-21','(702) 369-3016',57,22),(821,'Brenden','Strong','Male','1993-09-11','(765) 483-3285',71,32),(822,'Maximo','Davidson','Male','1997-02-27','(254) 885-1833',47,15),(823,'Frankie','Faulkner','Male','1998-06-27','(885) 465-1679',5,26),(824,'Terrell','Mullins','Male','1999-08-27','(694) 687-3321',98,12),(825,'Karson','Mclean','Male','1996-03-22','(608) 324-1630',60,1),(826,'Ean','Boyd','Male','1993-04-21','(611) 508-6245',97,18),(827,'Caden','Welch','Male','1992-02-03','(264) 537-5921',5,18),(828,'Samuel','Hahn','Male','1993-11-16','(957) 509-4719',36,4),(829,'Valentino','Neal','Male','1993-05-13','(665) 519-4420',98,33),(830,'Maximillian','Luna','Male','1990-01-15','(223) 785-9891',20,16),(831,'Israel','Phillips','Male','1994-01-04','(632) 695-9498',58,2),(832,'Semaj','Mcintosh','Male','1994-03-25','(854) 297-9439',67,14),(833,'Alexzander','Webb','Male','1999-09-30','(314) 215-4652',14,30),(834,'Francis','Black','Male','1995-12-27','(873) 259-2327',82,1),(835,'Antwan','Bird','Male','1996-10-30','(775) 864-7726',31,30),(836,'Santino','Rasmussen','Male','1997-01-29','(687) 964-7613',75,15),(837,'Ricardo','Summers','Male','1998-02-22','(946) 607-6706',33,16),(838,'Jayvion','Carpenter','Male','1998-07-03','(919) 692-6468',46,26),(839,'Kyler','Ellis','Male','1994-03-02','(208) 792-5925',51,23),(840,'Ethan','Sims','Male','1998-06-24','(218) 991-1816',49,28),(841,'Atticus','Duran','Male','1990-07-14','(660) 767-7778',8,2),(842,'Edward','Roth','Male','1990-06-13','(788) 671-9693',49,8),(843,'Cannon','Robbins','Male','1992-02-22','(783) 727-1398',96,17),(844,'Konnor','Olson','Male','1998-04-18','(574) 878-1489',24,14),(845,'Tobias','Castro','Male','1996-10-03','(515) 327-4076',96,18),(846,'Eliezer','Valencia','Male','1994-12-01','(688) 378-8683',1,15),(847,'Alessandro','Benitez','Male','1999-05-25','(842) 794-5533',54,30),(848,'Luciano','Mathis','Male','1991-03-04','(549) 391-7897',72,24),(849,'Cameron','Klein','Male','1998-06-13','(204) 419-5223',8,32),(850,'Adrian','Charles','Male','1999-03-09','(695) 981-3998',16,27),(851,'Damion','Mcmahon','Male','1997-05-05','(308) 474-5953',38,9),(852,'Carter','Marks','Male','1996-09-05','(663) 612-3595',4,17),(853,'Terrance','Rodriguez','Male','1999-04-30','(442) 660-0570',47,25),(854,'Jayson','Harmon','Male','1997-02-08','(678) 387-8934',72,22),(855,'Jon','Archer','Male','1997-07-28','(864) 431-2182',49,27),(856,'Dayton','Velasquez','Male','1996-07-05','(629) 337-4625',55,28),(857,'Dario','Washington','Male','1997-12-05','(977) 540-5143',69,19),(858,'Manuel','Lang','Male','1991-08-28','(727) 839-3113',93,3),(859,'Brock','Lutz','Male','1991-11-15','(271) 414-8752',86,28),(860,'Donald','Mann','Male','1998-12-04','(729) 805-8027',45,14),(861,'Jack','Hart','Male','1998-11-19','(775) 503-3062',45,9),(862,'Grayson','Osborne','Male','1995-04-08','(795) 455-9210',24,25),(863,'Landen','Carey','Male','1990-10-22','(498) 998-5986',97,7),(864,'Cooper','Horton','Male','1991-09-27','(914) 499-8469',45,30),(865,'Hassan','Chapman','Male','1999-02-13','(664) 623-8645',47,17),(866,'Jefferson','Ochoa','Male','1990-07-17','(240) 297-1159',84,12),(867,'Kelvin','Ferrell','Male','1991-10-12','(752) 629-9179',78,23),(868,'Leroy','Potter','Male','1996-11-15','(672) 493-8889',10,2),(869,'Malachi','Collins','Male','1991-09-11','(989) 384-2738',58,7),(870,'Ryker','Wiley','Male','1994-05-15','(203) 466-2705',43,4),(871,'Kenyon','Allen','Male','1998-07-27','(465) 934-4060',24,8),(872,'Kayden','Poole','Male','1991-12-08','(293) 466-3268',68,21),(873,'Howard','Howard','Male','1993-03-15','(358) 275-8814',27,9),(874,'Joshua','Morris','Male','1992-11-24','(535) 210-0974',68,5),(875,'Andreas','Mckee','Male','1998-09-21','(985) 764-3050',74,25),(876,'Drew','Oneal','Male','1990-12-30','(704) 700-0170',24,21),(877,'Yahir','Ortega','Male','1991-08-17','(827) 239-4910',32,5),(878,'Mark','Burns','Male','1997-10-02','(377) 447-9091',45,29),(879,'Aldo','Bautista','Male','1999-04-07','(712) 300-1732',67,24),(880,'Ray','Berger','Male','1999-11-27','(957) 335-5694',95,20),(881,'Elisha','Browning','Male','1994-09-10','(693) 272-1122',27,19),(882,'Jaylen','Yoder','Male','1997-03-10','(972) 399-9498',14,8),(883,'Quentin','Richard','Male','1999-11-27','(417) 964-5604',69,1),(884,'Parker','Sandoval','Male','1994-12-02','(273) 809-1058',1,1),(885,'Pierre','Terrell','Male','1996-10-24','(859) 682-3367',14,17),(886,'Matias','Krause','Male','1997-11-25','(510) 612-9343',69,25),(887,'Alonzo','Pruitt','Male','1997-06-30','(333) 522-2714',4,18),(888,'Tomas','Alexander','Male','1998-01-19','(578) 311-8036',57,16),(889,'Izayah','Harding','Male','1995-10-11','(332) 907-4902',21,31),(890,'Jaydan','Logan','Male','1992-11-19','(876) 888-7862',64,28),(891,'Nathanial','Pierce','Male','1996-09-24','(932) 694-3814',29,16),(892,'Kingston','Cuevas','Male','1990-02-27','(291) 477-3602',86,22),(893,'Ishaan','Stanley','Male','1994-06-01','(262) 594-8293',61,19),(894,'Deven','Moses','Male','1996-03-03','(287) 724-9810',66,1),(895,'Cale','Campbell','Male','1995-05-16','(429) 236-5072',83,20),(896,'Jeremy','Leach','Male','1991-03-20','(429) 730-1481',61,17),(897,'Wayne','Brock','Male','1997-09-04','(905) 311-4336',60,12),(898,'Jake','Fox','Male','1995-11-07','(314) 565-8768',93,29),(899,'Sebastian','Dickerson','Male','1990-01-12','(617) 830-1055',25,5),(900,'Sawyer','Rush','Male','1994-03-24','(802) 635-4274',23,4);
/*!40000 ALTER TABLE `student` ENABLE KEYS */;
UNLOCK TABLES;
/*!40103 SET TIME_ZONE=@OLD_TIME_ZONE */;

/*!40101 SET SQL_MODE=@OLD_SQL_MODE */;
/*!40014 SET FOREIGN_KEY_CHECKS=@OLD_FOREIGN_KEY_CHECKS */;
/*!40014 SET UNIQUE_CHECKS=@OLD_UNIQUE_CHECKS */;
/*!40101 SET CHARACTER_SET_CLIENT=@OLD_CHARACTER_SET_CLIENT */;
/*!40101 SET CHARACTER_SET_RESULTS=@OLD_CHARACTER_SET_RESULTS */;
/*!40101 SET COLLATION_CONNECTION=@OLD_COLLATION_CONNECTION */;
/*!40111 SET SQL_NOTES=@OLD_SQL_NOTES */;

-- Dump completed on 2019-11-05 16:03:24
