USE my_schema;
CREATE TABLE EMP
(EMPNO NUMERIC(4) NOT NULL,
ENAME VARCHAR(10),
JOB VARCHAR(9),
MGR NUMERIC(4),
HIREDATE DATE,
SAL NUMERIC(7, 2),
COMM NUMERIC(7, 2),
DEPTNO NUMERIC(2));


INSERT INTO EMP VALUES
(7369, 'SMITH', 'CLERK', 7902,
CONVERT('1980-09-17',DATE), 800, NULL, 20);
INSERT INTO EMP VALUES
(7499, 'ALLEN', 'SALESMAN', 7698,
CONVERT('1981-02-20',DATETIME), 1600, 300, 30);
INSERT INTO EMP VALUES
(7521, 'WARD', 'SALESMAN', 7698,
CONVERT('1981-02-22',DATETIME), 1250, 500, 30);
INSERT INTO EMP VALUES
(7566, 'JONES', 'MANAGER', 7839,
CONVERT('1981-04-02',DATETIME), 2975, NULL, 20);
INSERT INTO EMP VALUES
(7654, 'MARTIN', 'SALESMAN', 7698,
CONVERT('1981-05-13',DATETIME), 1250, 1400, 30);
INSERT INTO EMP VALUES
(7698, 'BLAKE', 'MANAGER', 7839,
CONVERT('1981-05-13',DATETIME), 2850, NULL, 30);
INSERT INTO EMP VALUES
(7782, 'CLARK', 'MANAGER', 7839,
CONVERT('1981-05-13',DATETIME), 2450, NULL, 10);
INSERT INTO EMP VALUES
(7788, 'SCOTT', 'ANALYST', 7566,
CONVERT('1981-05-13',DATETIME), 3000, NULL, 20);
INSERT INTO EMP VALUES
(7839, 'KING', 'PRESIDENT', NULL,
CONVERT('1981-05-13',DATETIME), 5000, NULL, 10);
INSERT INTO EMP VALUES
(7844, 'TURNER', 'SALESMAN', 7698,
CONVERT('1981-05-13',DATETIME), 1500, 0, 30);
INSERT INTO EMP VALUES
(7876, 'ADAMS', 'CLERK', 7788,
CONVERT('1981-05-13',DATETIME), 1100, NULL, 20);
INSERT INTO EMP VALUES
(7900, 'JAMES', 'CLERK', 7698,
CONVERT('1981-05-13',DATETIME), 950, NULL, 30);
INSERT INTO EMP VALUES
(7902, 'FORD', 'ANALYST', 7566,
CONVERT('1981-05-13',DATETIME), 3000, NULL, 20);
INSERT INTO EMP VALUES
(7934, 'MILLER', 'CLERK', 7782,
CONVERT('1981-05-13',DATETIME), 1300, NULL, 10);

CREATE TABLE DEPT
(DEPTNO NUMERIC(2),
DNAME VARCHAR(14),
LOC VARCHAR(13) );

INSERT INTO DEPT VALUES (10, 'ACCOUNTING', 'NEW YORK');
INSERT INTO DEPT VALUES (20, 'RESEARCH', 'DALLAS');
INSERT INTO DEPT VALUES (30, 'SALES', 'CHICAGO');
INSERT INTO DEPT VALUES (40, 'OPERATIONS', 'BOSTON');

CREATE TABLE BONUS
(ENAME VARCHAR(10),
JOB VARCHAR(9),
SAL NUMERIC,
COMM NUMERIC);

CREATE TABLE SALGRADE
(GRADE NUMERIC,
LOSAL NUMERIC,
HISAL NUMERIC);

INSERT INTO SALGRADE VALUES (1, 700, 1200);
INSERT INTO SALGRADE VALUES (2, 1201, 1400);
INSERT INTO SALGRADE VALUES (3, 1401, 2000);
INSERT INTO SALGRADE VALUES (4, 2001, 3000);
INSERT INTO SALGRADE VALUES (5, 3001, 9999);